Series Name,Series Code,Country Name,Country Code,1980 [YR1980],1985 [YR1985],1990 [YR1990],1995 [YR1995],2000 [YR2000],2005 [YR2005],2010 [YR2010],2015 [YR2015]
"Population ages 15-64, total",SP.POP.1564.TO,Afghanistan,AFG,6863310,5991146,6139033,9021451,10143668,12804786,14444994,18116800
"Population ages 15-64, total",SP.POP.1564.TO,Albania,ALB,1568997,1795407,2028794,1938980,1933983,1957418,1948797,1979179
"Population ages 15-64, total",SP.POP.1564.TO,Algeria,DZA,9655388,11490680,13727365,16285293,19038163,21841621,24198801,25993588
"Population ages 15-64, total",SP.POP.1564.TO,American Samoa,ASM,..,..,..,..,..,..,..,..
"Population ages 15-64, total",SP.POP.1564.TO,Andorra,AND,..,..,..,..,..,..,..,..
"Population ages 15-64, total",SP.POP.1564.TO,Angola,AGO,4281383,4985786,5920693,6955652,8235985,9831386,11817707,14113726
"Population ages 15-64, total",SP.POP.1564.TO,Antigua and Barbuda,ATG,34982,36459,38300,43183,49204,54184,60125,64812
"Population ages 15-64, total",SP.POP.1564.TO,Argentina,ARG,17146951,18288501,19666305,21239330,22789527,24435888,26010395,27630346
"Population ages 15-64, total",SP.POP.1564.TO,Armenia,ARM,1976723,2158506,2275895,2006378,1969853,1986674,2001045,2019877
"Population ages 15-64, total",SP.POP.1564.TO,Aruba,ABW,40045,42955,42135,55960,62907,69957,69987,72162
"Population ages 15-64, total",SP.POP.1564.TO,Australia,AUS,9560902,10421810,11408332,12030999,12793036,13728581,14891504,15780014
"Population ages 15-64, total",SP.POP.1564.TO,Austria,AUT,4853035,5124859,5232317,5332719,5430475,5581012,5644039,5794026
"Population ages 15-64, total",SP.POP.1564.TO,Azerbaijan,AZE,3692226,4192283,4449764,4693519,5070809,5638033,6452695,6888625
"Population ages 15-64, total",SP.POP.1564.TO,"Bahamas, The",BHS,124065,142746,162172,179265,194653,214764,237820,259391
"Population ages 15-64, total",SP.POP.1564.TO,Bahrain,BHR,228037,267641,322987,379667,447988,640868,963015,1053939
"Population ages 15-64, total",SP.POP.1564.TO,Bangladesh,BGD,41573158,48337554,56500225,65491118,75559249,85272649,93328524,102533145
"Population ages 15-64, total",SP.POP.1564.TO,Barbados,BRB,150543,160818,171407,176108,179520,185099,189045,191258
"Population ages 15-64, total",SP.POP.1564.TO,Belarus,BLR,6408861,6702415,6765297,6718400,6785673,6733534,6751613,6587087
"Population ages 15-64, total",SP.POP.1564.TO,Belgium,BEL,6449247,6662463,6686359,6708725,6721509,6869664,7167469,7311715
"Population ages 15-64, total",SP.POP.1564.TO,Belize,BLZ,70573,84176,98296,109314,136891,163529,194473,229122
"Population ages 15-64, total",SP.POP.1564.TO,Benin,BEN,1894390,2163739,2512096,3020546,3543101,4183119,4868625,5683008
"Population ages 15-64, total",SP.POP.1564.TO,Bermuda,BMU,..,..,..,..,..,..,..,..
"Population ages 15-64, total",SP.POP.1564.TO,Bhutan,BTN,219137,248091,285221,287158,332571,392572,436574,486789
"Population ages 15-64, total",SP.POP.1564.TO,Bolivia,BOL,3072286,3412509,3817322,4289719,4799728,5360661,5968191,6613025
"Population ages 15-64, total",SP.POP.1564.TO,Bosnia and Herzegovina,BIH,2736541,2999675,3091144,2633067,2562531,2589863,2605070,2410082
"Population ages 15-64, total",SP.POP.1564.TO,Botswana,BWA,431988,524466,665880,802032,954620,1085432,1226337,1298871
"Population ages 15-64, total",SP.POP.1564.TO,Brazil,BRA,69977715,80160578,90265519,101244089,113286230,124021697,133781680,142243105
"Population ages 15-64, total",SP.POP.1564.TO,British Virgin Islands,VGB,..,..,..,..,..,..,..,..
"Population ages 15-64, total",SP.POP.1564.TO,Brunei Darussalam,BRN,112944,132562,162334,190773,223137,252717,274583,298058
"Population ages 15-64, total",SP.POP.1564.TO,Bulgaria,BGR,5848861,6005533,5798240,5630672,5534912,5287209,5060439,4716474
"Population ages 15-64, total",SP.POP.1564.TO,Burkina Faso,BFA,3496159,3865225,4358278,5028185,5857980,6836894,8006839,9420818
"Population ages 15-64, total",SP.POP.1564.TO,Burundi,BDI,2169188,2416148,2683125,2822824,3025484,3737360,4571940,5322176
"Population ages 15-64, total",SP.POP.1564.TO,Cabo Verde,CPV,135495,156514,167842,192482,222755,262487,307224,343963
"Population ages 15-64, total",SP.POP.1564.TO,Cambodia,KHM,3763364,4224415,4740441,5380462,6725344,7903891,9008112,9976968
"Population ages 15-64, total",SP.POP.1564.TO,Cameroon,CMR,4453243,5099774,5907961,6866560,8029079,9364911,10875579,12593699
"Population ages 15-64, total",SP.POP.1564.TO,Canada,CAN,16625666,17692326,18845226,19828337,20949562,22314773,23585034,24261870
"Population ages 15-64, total",SP.POP.1564.TO,Cayman Islands,CYM,..,..,..,..,..,..,..,..
"Population ages 15-64, total",SP.POP.1564.TO,Central African Republic,CAF,1174284,1362788,1466966,1700921,1936476,2148978,2321454,2334839
"Population ages 15-64, total",SP.POP.1564.TO,Chad,TCD,2321307,2553437,2939162,3413766,4033168,4862357,5818146,7015783
"Population ages 15-64, total",SP.POP.1564.TO,Channel Islands,CHI,85534,91877,97455,98369,101578,104270,110336,112517
"Population ages 15-64, total",SP.POP.1564.TO,Chile,CHL,7035144,7757665,8489230,9217723,9975233,10826442,11697424,12369485
"Population ages 15-64, total",SP.POP.1564.TO,China,CHN,582756908,672180280,746726066,805367614,863641938,940817540,980077454,995702268
"Population ages 15-64, total",SP.POP.1564.TO,Colombia,COL,15181906,17560181,19794211,22167809,24658882,27227529,29912582,32207435
"Population ages 15-64, total",SP.POP.1564.TO,Comoros,COM,160050,182331,209535,244573,287382,334752,386268,442858
"Population ages 15-64, total",SP.POP.1564.TO,"Congo, Dem. Rep.",COD,13839781,15603582,17974894,21452800,24262423,28080591,32842560,38608878
"Population ages 15-64, total",SP.POP.1564.TO,"Congo, Rep.",COG,902392,1054196,1236224,1462543,1723854,2011695,2386558,2684269
"Population ages 15-64, total",SP.POP.1564.TO,Costa Rica,CRI,1415290,1651042,1865393,2157179,2506545,2837428,3130508,3353091
"Population ages 15-64, total",SP.POP.1564.TO,Cote d'Ivoire,CIV,4188137,5160869,6228139,7556800,8810022,9726543,10989337,12690447
"Population ages 15-64, total",SP.POP.1564.TO,Croatia,HRV,3097493,3222037,3278949,3135701,2998783,2888729,2877813,2783338
"Population ages 15-64, total",SP.POP.1564.TO,Cuba,CUB,5956947,6531291,7179686,7432604,7628881,7875289,7826467,7845650
"Population ages 15-64, total",SP.POP.1564.TO,Curacao,CUW,93181,100415,94863,93767,86750,91419,98511,102542
"Population ages 15-64, total",SP.POP.1564.TO,Cyprus,CYP,450027,458978,495258,560199,635508,711521,787127,815841
"Population ages 15-64, total",SP.POP.1564.TO,Czech Republic,CZE,6495124,6696631,6795716,7036372,7155429,7272923,7365424,7054347
"Population ages 15-64, total",SP.POP.1564.TO,Denmark,DNK,3316624,3399811,3463436,3526983,3560284,3583293,3627218,3643647
"Population ages 15-64, total",SP.POP.1564.TO,Djibouti,DJI,183719,222986,309379,340625,401966,460740,534468,595256
"Population ages 15-64, total",SP.POP.1564.TO,Dominica,DMA,..,..,..,..,..,..,..,..
"Population ages 15-64, total",SP.POP.1564.TO,Dominican Republic,DOM,3149584,3636167,4123155,4612188,5106611,5609389,6160074,6648324
"Population ages 15-64, total",SP.POP.1564.TO,Ecuador,ECU,4304862,5054231,5883579,6755010,7626888,8498903,9452055,10430609
"Population ages 15-64, total",SP.POP.1564.TO,"Egypt, Arab Rep.",EGY,23704592,26973089,30672805,34776680,40078245,46265946,51850634,56930104
"Population ages 15-64, total",SP.POP.1564.TO,El Salvador,SLV,2417460,2650179,2933537,3229579,3408089,3565221,3789850,4039975
"Population ages 15-64, total",SP.POP.1564.TO,Equatorial Guinea,GNQ,140466,192960,221430,264634,337747,428389,553075,700401
"Population ages 15-64, total",SP.POP.1564.TO,Eritrea,ERI,920892,1060743,1176011,1054886,1156753,1627270,1791822,..
"Population ages 15-64, total",SP.POP.1564.TO,Estonia,EST,972931,1016130,1038085,945052,941558,922442,896652,855639
"Population ages 15-64, total",SP.POP.1564.TO,Eswatini,SWZ,277758,327083,401465,473857,544539,570738,597846,628753
"Population ages 15-64, total",SP.POP.1564.TO,Ethiopia,ETH,18159911,20673475,24202588,28711170,33400914,38475372,45368329,54825799
"Population ages 15-64, total",SP.POP.1564.TO,Faroe Islands,FRO,..,..,..,..,..,..,..,..
"Population ages 15-64, total",SP.POP.1564.TO,Fiji,FJI,369527,413966,427152,468452,499199,537092,569035,566167
"Population ages 15-64, total",SP.POP.1564.TO,Finland,FIN,3234984,3337238,3353773,3407117,3461337,3495665,3553105,3471884
"Population ages 15-64, total",SP.POP.1564.TO,France,FRA,35117967,37312822,38367296,38869169,39614814,41088277,42053370,41798307
"Population ages 15-64, total",SP.POP.1564.TO,French Polynesia,PYF,87276,107331,122537,135673,153779,172974,181631,188815
"Population ages 15-64, total",SP.POP.1564.TO,Gabon,GAB,396499,441311,499591,570216,660502,777955,949717,1169401
"Population ages 15-64, total",SP.POP.1564.TO,"Gambia, The",GMB,345173,405270,513972,582877,663628,788433,935985,1102223
"Population ages 15-64, total",SP.POP.1564.TO,Georgia,GEO,2914358,3091003,3161152,3076691,2700916,2594776,2567536,2484190
"Population ages 15-64, total",SP.POP.1564.TO,Germany,DEU,51495864,53986827,54923805,55758288,55771639,55019511,53873715,53557394
"Population ages 15-64, total",SP.POP.1564.TO,Ghana,GHA,5575995,6651160,7827880,9160749,10539664,12283991,14341337,16376583
"Population ages 15-64, total",SP.POP.1564.TO,Gibraltar,GIB,..,..,..,..,..,..,..,..
"Population ages 15-64, total",SP.POP.1564.TO,Greece,GRC,6160125,6468653,6810621,7211908,7398619,7400877,7317088,6992363
"Population ages 15-64, total",SP.POP.1564.TO,Greenland,GRL,..,..,..,..,..,..,..,..
"Population ages 15-64, total",SP.POP.1564.TO,Grenada,GRD,47068,55598,51189,54404,59717,65994,70365,73622
"Population ages 15-64, total",SP.POP.1564.TO,Guam,GUM,65326,75148,86329,93780,99660,101508,104011,106176
"Population ages 15-64, total",SP.POP.1564.TO,Guatemala,GTM,3700534,4153873,4704978,5342788,6091722,7016547,8243289,9631352
"Population ages 15-64, total",SP.POP.1564.TO,Guinea,GIN,2603388,2853760,3271997,3673211,4131725,4554476,5175802,5954577
"Population ages 15-64, total",SP.POP.1564.TO,Guinea-Bissau,GNB,411023,441986,489547,552795,620626,715176,824452,949400
"Population ages 15-64, total",SP.POP.1564.TO,Guyana,GUY,420174,435722,445348,457107,450031,440890,473390,498254
"Population ages 15-64, total",SP.POP.1564.TO,Haiti,HTI,3105019,3397773,3710207,4134618,4708861,5292876,5895249,6522970
"Population ages 15-64, total",SP.POP.1564.TO,Honduras,HND,1813450,2139705,2515113,2972871,3517175,4146364,4860528,5645133
"Population ages 15-64, total",SP.POP.1564.TO,"Hong Kong SAR, China",HKG,3461157,3774220,4017677,4391937,4807057,5001265,5276866,5369755
"Population ages 15-64, total",SP.POP.1564.TO,Hungary,HUN,6896576,7050574,6860178,6987838,6951027,6946405,6904786,6701387
"Population ages 15-64, total",SP.POP.1564.TO,Iceland,ISL,142872,153635,164080,172088,183307,195879,213715,218248
"Population ages 15-64, total",SP.POP.1564.TO,India,IND,399399535,451331895,508508810,571765886,643545591,717517456,791275571,863969050
"Population ages 15-64, total",SP.POP.1564.TO,Indonesia,IDN,81595578,94569559,108439635,122458833,136655836,147807687,160116945,173544644
"Population ages 15-64, total",SP.POP.1564.TO,"Iran, Islamic Rep.",IRN,20653803,24392876,28835260,33627333,40460892,47677759,52229817,55189331
"Population ages 15-64, total",SP.POP.1564.TO,Iraq,IRQ,6699616,7757847,8775855,10519416,12592846,14699504,16308981,20484550
"Population ages 15-64, total",SP.POP.1564.TO,Ireland,IRL,2006395,2099875,2152406,2338915,2587989,2882296,3110223,3072081
"Population ages 15-64, total",SP.POP.1564.TO,Isle of Man,IMN,..,..,..,..,..,..,..,..
"Population ages 15-64, total",SP.POP.1564.TO,Israel,ISR,2261431,2477282,2787578,3395297,3892396,4305404,4748577,5104539
"Population ages 15-64, total",SP.POP.1564.TO,Italy,ITA,36493893,38324674,38940566,38903094,38373864,38360342,38823371,39071616
"Population ages 15-64, total",SP.POP.1564.TO,Jamaica,JAM,1157679,1309936,1400956,1497748,1593832,1697325,1819691,1933813
"Population ages 15-64, total",SP.POP.1564.TO,Japan,JPN,78829421,82410324,86051530,87125283,86547107,84991747,82153251,77544929
"Population ages 15-64, total",SP.POP.1564.TO,Jordan,JOR,1137563,1431010,1819830,2582562,2936704,3367600,4276454,5584746
"Population ages 15-64, total",SP.POP.1564.TO,Kazakhstan,KAZ,9100788,9762693,10251131,9981247,9768997,10273542,11283976,11673506
"Population ages 15-64, total",SP.POP.1564.TO,Kenya,KEN,7723233,9393678,11484518,14113338,16774416,19737942,22959805,27030057
"Population ages 15-64, total",SP.POP.1564.TO,Kiribati,KIR,33955,36581,40752,43073,47873,54970,62098,68159
"Population ages 15-64, total",SP.POP.1564.TO,"Korea, Dem. People’s Rep.",PRK,10448180,12231507,13907751,14856521,15630051,16223628,16841582,17467809
"Population ages 15-64, total",SP.POP.1564.TO,"Korea, Rep.",KOR,23643060,26716767,29721007,32012816,33939462,34841997,36276129,37424014
"Population ages 15-64, total",SP.POP.1564.TO,Kosovo,XKX,..,..,..,..,..,..,..,..
"Population ages 15-64, total",SP.POP.1564.TO,Kuwait,KWT,794870,1058965,1336116,1090622,1432463,1631382,2237493,2941006
"Population ages 15-64, total",SP.POP.1564.TO,Kyrgyz Republic,KGZ,2071261,2322854,2526472,2597634,2917115,3273135,3572715,3822237
"Population ages 15-64, total",SP.POP.1564.TO,Lao PDR,LAO,1696542,1916246,2223246,2521650,2825324,3222843,3742508,4216698
"Population ages 15-64, total",SP.POP.1564.TO,Latvia,LVA,1672817,1728731,1775466,1628692,1589928,1532734,1420719,1293047
"Population ages 15-64, total",SP.POP.1564.TO,Lebanon,LBN,1435589,1484015,1611307,2195154,2428881,2993669,3359435,4333446
"Population ages 15-64, total",SP.POP.1564.TO,Lesotho,LSO,669358,761060,859637,1012645,1136526,1166101,1205903,1272391
"Population ages 15-64, total",SP.POP.1564.TO,Liberia,LBR,962199,1103823,1075110,1084098,1533491,1729625,2086677,2447751
"Population ages 15-64, total",SP.POP.1564.TO,Libya,LBY,1588790,2028795,2446389,2916565,3342347,3818333,4156931,4293429
"Population ages 15-64, total",SP.POP.1564.TO,Liechtenstein,LIE,..,..,..,..,..,..,..,..
"Population ages 15-64, total",SP.POP.1564.TO,Lithuania,LTU,2229710,2368164,2461148,2393440,2311510,2234106,2105015,1938149
"Population ages 15-64, total",SP.POP.1564.TO,Luxembourg,LUX,246174,254937,264420,276460,292244,311455,346568,396603
"Population ages 15-64, total",SP.POP.1564.TO,"Macao SAR, China",MAC,163692,195773,233667,259739,298453,366425,431830,474404
"Population ages 15-64, total",SP.POP.1564.TO,Madagascar,MDG,4399204,5118177,5963118,6984885,8180137,9603987,11346586,13455388
"Population ages 15-64, total",SP.POP.1564.TO,Malawi,MWI,3205566,3685765,4900046,5079250,5663240,6407889,7414134,8753767
"Population ages 15-64, total",SP.POP.1564.TO,Malaysia,MYS,7853712,9043872,10686442,12417357,14549467,16732812,18927794,20867236
"Population ages 15-64, total",SP.POP.1564.TO,Maldives,MDV,82397,96855,110900,128268,155823,204886,256574,340474
"Population ages 15-64, total",SP.POP.1564.TO,Mali,MLI,3735553,4016783,4178306,4762725,5487790,6413771,7489609,8635853
"Population ages 15-64, total",SP.POP.1564.TO,Malta,MLT,210157,222485,234059,251153,264252,278135,287325,298101
"Population ages 15-64, total",SP.POP.1564.TO,Marshall Islands,MHL,..,..,..,..,..,..,..,..
"Population ages 15-64, total",SP.POP.1564.TO,Mauritania,MRT,795593,925938,1059024,1213706,1400032,1650340,1942882,2281158
"Population ages 15-64, total",SP.POP.1564.TO,Mauritius,MUS,586820,652106,702019,755580,808291,843623,880629,891976
"Population ages 15-64, total",SP.POP.1564.TO,Mexico,MEX,34764695,40968648,47422549,53689480,59985361,66293342,73417830,79986926
"Population ages 15-64, total",SP.POP.1564.TO,"Micronesia, Fed. Sts.",FSM,35851,43599,50413,56957,60143,60766,62874,69431
"Population ages 15-64, total",SP.POP.1564.TO,Moldova,MDA,2225207,2329364,2357767,2366338,2442997,2572660,2612324,2635695
"Population ages 15-64, total",SP.POP.1564.TO,Monaco,MCO,..,..,..,..,..,..,..,..
"Population ages 15-64, total",SP.POP.1564.TO,Mongolia,MNG,875489,1028645,1210182,1323123,1475318,1701438,1881445,2017163
"Population ages 15-64, total",SP.POP.1564.TO,Montenegro,MNE,369679,402637,402124,408491,405239,410067,419905,421318
"Population ages 15-64, total",SP.POP.1564.TO,Morocco,MAR,10675096,12379485,13996624,15716540,17633866,19335385,21134006,22838669
"Population ages 15-64, total",SP.POP.1564.TO,Mozambique,MOZ,6183839,6674468,6460720,8092604,9238877,10581301,12060778,13975281
"Population ages 15-64, total",SP.POP.1564.TO,Myanmar,MMR,18842413,21390091,24128621,26626400,29430624,31419608,32965682,35303512
"Population ages 15-64, total",SP.POP.1564.TO,Namibia,NAM,527917,593845,747962,868039,982376,1100942,1238778,1373976
"Population ages 15-64, total",SP.POP.1564.TO,Nauru,NRU,..,..,..,..,..,..,..,..
"Population ages 15-64, total",SP.POP.1564.TO,Nepal,NPL,8304209,9208971,10217328,11825747,13232117,14527088,15856479,16507813
"Population ages 15-64, total",SP.POP.1564.TO,Netherlands,NLD,9380754,9940720,10326506,10589144,10821397,11023415,11139006,11065869
"Population ages 15-64, total",SP.POP.1564.TO,New Caledonia,NCL,81549,92196,107617,125100,136870,153221,167473,184686
"Population ages 15-64, total",SP.POP.1564.TO,New Zealand,NZL,1962240,2111645,2185874,2403770,2525572,2744581,2891030,3004760
"Population ages 15-64, total",SP.POP.1564.TO,Nicaragua,NIC,1641562,1868413,2127033,2476701,2866761,3242145,3619904,3981212
"Population ages 15-64, total",SP.POP.1564.TO,Niger,NER,2991268,3417726,3957915,4703852,5584747,6589373,7813925,9452637
"Population ages 15-64, total",SP.POP.1564.TO,Nigeria,NGA,39025859,43533545,49648365,57089775,65518474,74412506,84365594,96245477
"Population ages 15-64, total",SP.POP.1564.TO,North Macedonia,MKD,1228399,1313718,1329580,1312788,1372063,1417258,1459824,1468843
"Population ages 15-64, total",SP.POP.1564.TO,Northern Mariana Islands,MNP,..,..,..,..,..,..,..,..
"Population ages 15-64, total",SP.POP.1564.TO,Norway,NOR,2577791,2669677,2745029,2813043,2908353,3031621,3241628,3410713
"Population ages 15-64, total",SP.POP.1564.TO,Oman,OMN,602514,778996,950750,1286358,1371291,1630697,2178347,3238353
"Population ages 15-64, total",SP.POP.1564.TO,Pakistan,PAK,41602468,49369769,57155104,65452272,76922548,89651023,104187042,119164305
"Population ages 15-64, total",SP.POP.1564.TO,Palau,PLW,..,..,..,..,..,..,..,..
"Population ages 15-64, total",SP.POP.1564.TO,Panama,PAN,1087291,1267944,1466925,1678119,1893836,2114344,2335283,2563685
"Population ages 15-64, total",SP.POP.1564.TO,Papua New Guinea,PNG,1918533,2205397,2542495,2922472,3342475,3743428,4267872,4860909
"Population ages 15-64, total",SP.POP.1564.TO,Paraguay,PRY,1708348,2003563,2302726,2638822,3043146,3480716,3863943,4259669
"Population ages 15-64, total",SP.POP.1564.TO,Peru,PER,9481237,10986195,12576624,14230838,16060602,17407298,18487498,19681869
"Population ages 15-64, total",SP.POP.1564.TO,Philippines,PHL,25412286,29834222,34612950,39878636,45439350,51320691,58138729,64449674
"Population ages 15-64, total",SP.POP.1564.TO,Poland,POL,23395321,24251399,24745116,25475437,26175945,26834929,27128349,26371771
"Population ages 15-64, total",SP.POP.1564.TO,Portugal,PRT,6118265,6427417,6568717,6740333,6966345,7075014,7017376,6748422
"Population ages 15-64, total",SP.POP.1564.TO,Puerto Rico,PRI,1937149,2079879,2228587,2365335,2479991,2504563,2465818,2270427
"Population ages 15-64, total",SP.POP.1564.TO,Qatar,QAT,144871,258981,335335,365978,429727,666345,1603834,2195417
"Population ages 15-64, total",SP.POP.1564.TO,Romania,ROU,14013258,14891397,15277556,15235315,15217134,14717464,13880704,13377120
"Population ages 15-64, total",SP.POP.1564.TO,Russian Federation,RUS,94735827,97280949,99052125,98643589,101608651,101902350,102803535,100247192
"Population ages 15-64, total",SP.POP.1564.TO,Rwanda,RWA,2556876,2964843,3528369,3210565,4124482,4850276,5610944,6448495
"Population ages 15-64, total",SP.POP.1564.TO,Samoa,WSM,79328,86587,90835,93791,95676,100005,105481,109661
"Population ages 15-64, total",SP.POP.1564.TO,San Marino,SMR,..,..,..,..,..,..,..,..
"Population ages 15-64, total",SP.POP.1564.TO,Sao Tome and Principe,STP,46058,50274,57009,65490,74467,82938,96662,107255
"Population ages 15-64, total",SP.POP.1564.TO,Saudi Arabia,SAU,5170335,7239232,8957489,10310294,12135157,15042659,18462077,22569163
"Population ages 15-64, total",SP.POP.1564.TO,Senegal,SEN,2848573,3235308,3777683,4438292,5103377,5881788,6762211,7794343
"Population ages 15-64, total",SP.POP.1564.TO,Serbia,SRB,..,..,5055408,5070380,4958192,4976785,4952679,4745329
"Population ages 15-64, total",SP.POP.1564.TO,Seychelles,SYC,34872,37845,39975,46480,51707,56389,62493,64977
"Population ages 15-64, total",SP.POP.1564.TO,Sierra Leone,SLE,1815817,2012021,2266824,2248812,2408663,2998376,3458378,3951601
"Population ages 15-64, total",SP.POP.1564.TO,Singapore,SGP,1647115,1927340,2222582,2595092,3017120,3224846,3997725,4335049
"Population ages 15-64, total",SP.POP.1564.TO,Sint Maarten (Dutch part),SXM,..,..,..,..,..,..,..,..
"Population ages 15-64, total",SP.POP.1564.TO,Slovak Republic,SVK,3154859,3312035,3411317,3565056,3717947,3843700,3893288,3834363
"Population ages 15-64, total",SP.POP.1564.TO,Slovenia,SVN,1240343,1313971,1371374,1382876,1394570,1410908,1420088,1389102
"Population ages 15-64, total",SP.POP.1564.TO,Solomon Islands,SLB,114027,134098,161391,193971,227883,261588,295123,338032
"Population ages 15-64, total",SP.POP.1564.TO,Somalia,SOM,3331740,3541436,3819415,3885754,4451309,5167859,5917746,6903195
"Population ages 15-64, total",SP.POP.1564.TO,South Africa,ZAF,15785928,18087947,20576234,24180384,27709236,30886292,33586670,36377455
"Population ages 15-64, total",SP.POP.1564.TO,South Sudan,SSD,2386467,2774609,2906927,2690851,3229681,3958372,5053888,5797445
"Population ages 15-64, total",SP.POP.1564.TO,Spain,ESP,23605637,24907002,25891496,27102093,27828047,30153566,31743266,30861123
"Population ages 15-64, total",SP.POP.1564.TO,Sri Lanka,LKA,8983032,9852319,10815591,11757564,12586122,13207987,13613883,13805689
"Population ages 15-64, total",SP.POP.1564.TO,St. Kitts and Nevis,KNA,..,..,..,..,..,..,..,..
"Population ages 15-64, total",SP.POP.1564.TO,St. Lucia,LCA,60243,68051,77344,84293,94428,106322,118854,127183
"Population ages 15-64, total",SP.POP.1564.TO,St. Martin (French part),MAF,..,..,..,..,..,..,..,..
"Population ages 15-64, total",SP.POP.1564.TO,St. Vincent and the Grenadines,VCT,50784,56838,60045,63697,66492,69920,71382,73172
"Population ages 15-64, total",SP.POP.1564.TO,Sudan,SDN,7251323,8691214,10388150,12722459,14493372,16529632,18564171,21416958
"Population ages 15-64, total",SP.POP.1564.TO,Suriname,SUR,200503,220471,247077,266783,291050,313514,340881,366158
"Population ages 15-64, total",SP.POP.1564.TO,Sweden,SWE,5326168,5392126,5499166,5618363,5702461,5895301,6121432,6183010
"Population ages 15-64, total",SP.POP.1564.TO,Switzerland,CHE,4179390,4411977,4591617,4764626,4834167,5051817,5324873,5566544
"Population ages 15-64, total",SP.POP.1564.TO,Syrian Arab Republic,SYR,4294188,5160731,6210746,7590951,9131862,10523980,12645812,11329847
"Population ages 15-64, total",SP.POP.1564.TO,Tajikistan,TJK,2055043,2409135,2765930,2989812,3349025,3949718,4593408,5175187
"Population ages 15-64, total",SP.POP.1564.TO,Tanzania,TZA,9473140,11101015,13020353,15445906,17635023,20266569,23345449,27172511
"Population ages 15-64, total",SP.POP.1564.TO,Thailand,THA,26917337,31839275,36914482,40104842,43744276,46419339,48326219,49078481
"Population ages 15-64, total",SP.POP.1564.TO,Timor-Leste,TLS,344074,387335,434493,468743,457400,513749,584189,671445
"Population ages 15-64, total",SP.POP.1564.TO,Togo,TGO,1378740,1641940,1923813,2183171,2653705,3055672,3498701,4032228
"Population ages 15-64, total",SP.POP.1564.TO,Tonga,TON,51156,52035,53408,52859,54772,56398,59142,58048
"Population ages 15-64, total",SP.POP.1564.TO,Trinidad and Tobago,TTO,657267,704376,741072,792727,860810,919751,942742,954485
"Population ages 15-64, total",SP.POP.1564.TO,Tunisia,TUN,3464342,4126554,4773803,5534047,6185991,6783412,7357531,7663295
"Population ages 15-64, total",SP.POP.1564.TO,Turkey,TUR,24468408,28258537,32137576,36121155,40033958,43948677,47653673,52246673
"Population ages 15-64, total",SP.POP.1564.TO,Turkmenistan,TKM,1558989,1801741,2049705,2374200,2685068,2985917,3375067,3644217
"Population ages 15-64, total",SP.POP.1564.TO,Turks and Caicos Islands,TCA,..,..,..,..,..,..,..,..
"Population ages 15-64, total",SP.POP.1564.TO,Tuvalu,TUV,..,..,..,..,..,..,..,..
"Population ages 15-64, total",SP.POP.1564.TO,Uganda,UGA,6264646,7301740,8575103,9914472,11364724,13387659,15901552,19162283
"Population ages 15-64, total",SP.POP.1564.TO,Ukraine,UKR,33314549,34099564,34653306,34308298,33971910,32732737,32185894,31186375
"Population ages 15-64, total",SP.POP.1564.TO,United Arab Emirates,ARE,718143,912241,1238492,1729501,2283607,3705961,7366508,7864456
"Population ages 15-64, total",SP.POP.1564.TO,United Kingdom,GBR,36058249,37159789,37374177,37508706,38323987,39856736,41384859,41988543
"Population ages 15-64, total",SP.POP.1564.TO,United States,USA,149446558,157666869,163996615,173938717,186123865,197426230,206671357,212117999
"Population ages 15-64, total",SP.POP.1564.TO,Uruguay,URY,1823747,1873827,1939028,2016423,2070479,2083658,2143086,2198416
"Population ages 15-64, total",SP.POP.1564.TO,Uzbekistan,UZB,8602746,9964318,11322649,12608060,14323997,16370429,18953212,21153834
"Population ages 15-64, total",SP.POP.1564.TO,Vanuatu,VUT,60687,68094,77082,90488,102117,119406,136720,155095
"Population ages 15-64, total",SP.POP.1564.TO,"Venezuela, RB",VEN,8439366,9921574,11450825,13128824,14887911,16743710,18350778,19629812
"Population ages 15-64, total",SP.POP.1564.TO,Vietnam,VNM,29214148,33789855,38752592,43900926,49549995,55625772,61474294,65162932
"Population ages 15-64, total",SP.POP.1564.TO,Virgin Islands (U.S.),VIR,59155,61541,67570,70100,71120,72705,71278,67016
"Population ages 15-64, total",SP.POP.1564.TO,West Bank and Gaza,PSE,..,..,976319,1220116,1458703,1725158,2080591,2437393
"Population ages 15-64, total",SP.POP.1564.TO,"Yemen, Rep.",YEM,3763808,4460728,5374401,6952594,8405847,10310479,12657324,14974550
"Population ages 15-64, total",SP.POP.1564.TO,Zambia,ZMB,2863719,3423722,4034684,4611023,5332756,6016444,6888490,8218961
"Population ages 15-64, total",SP.POP.1564.TO,Zimbabwe,ZWE,3527020,4382635,5384048,6118080,6528385,6707637,7024162,7543265
"Population ages 15-64, total",SP.POP.1564.TO,Arab World,ARB,85800167,101372895,119312116,139859455,162367749,189126322,220183309,248365376
"Population ages 15-64, total",SP.POP.1564.TO,Europe & Central Asia,ECS,510210101,536349804,552437464,561565820,574367644,587896654,601746029,603184649
"Population ages 15-64, total",SP.POP.1564.TO,European Union,EUU,299540858,313337278,319397523,324119820,327743514,333477629,336949834,333385282
"Population ages 15-64, total",SP.POP.1564.TO,Latin America & Caribbean,LCN,202326805,230843840,260160306,290964505,323589864,355049383,386170976,414765506
"Population ages 15-64, total",SP.POP.1564.TO,Middle East & North Africa,MEA,97386852,115124619,135692889,159066746,186353194,217705037,250637961,277913178
"Population ages 15-64, total",SP.POP.1564.TO,North America,NAC,166072224,175359195,182841841,193767054,207073427,219741003,230256391,236379869
"Population ages 15-64, total",SP.POP.1564.TO,South Asia,SAS,507027246,574436600,649732212,735729464,832477689,933578447,1033399641,1134924065
"Population ages 15-64, total",SP.POP.1564.TO,Sub-Saharan Africa,SSF,198650230,227300066,262210603,304086315,350447711,402771608,463533756,536849911
"Population ages 15-64, total",SP.POP.1564.TO,World,WLD,2604905459,2915310138,3219030349,3520290066,3848935141,4203156567,4527026860,4810740087
"Population ages 65 and above, total",SP.POP.65UP.TO,Afghanistan,AFG,325198,267344,277110,428918,476265,571446,679477,852997
"Population ages 65 and above, total",SP.POP.65UP.TO,Albania,ALB,141573,159938,180595,205054,218028,255998,310103,363733
"Population ages 65 and above, total",SP.POP.65UP.TO,Algeria,DZA,662693,758734,865300,1041995,1337116,1630788,1963004,2329507
"Population ages 65 and above, total",SP.POP.65UP.TO,American Samoa,ASM,..,..,..,..,..,..,..,..
"Population ages 65 and above, total",SP.POP.65UP.TO,Andorra,AND,..,..,..,..,..,..,..,..
"Population ages 65 and above, total",SP.POP.65UP.TO,Angola,AGO,213807,254995,292296,353916,420852,490962,551384,634610
"Population ages 65 and above, total",SP.POP.65UP.TO,Antigua and Barbuda,ATG,3392,4059,4978,5005,5001,5687,6477,7632
"Population ages 65 and above, total",SP.POP.65UP.TO,Argentina,ARG,2264500,2569289,2910364,3280179,3587025,3847047,4158393,4627549
"Population ages 65 and above, total",SP.POP.65UP.TO,Armenia,ARM,184730,180501,199274,269661,307443,354771,316328,318224
"Population ages 65 and above, total",SP.POP.65UP.TO,Aruba,ABW,4117,4612,4758,5552,6887,8594,10460,12664
"Population ages 65 and above, total",SP.POP.65UP.TO,Australia,AUS,1413926,1613701,1887187,2142807,2360353,2625040,2947089,3537773
"Population ages 65 and above, total",SP.POP.65UP.TO,Austria,AUT,1147167,1069405,1145648,1207332,1232972,1332688,1488551,1628326
"Population ages 65 and above, total",SP.POP.65UP.TO,Azerbaijan,AZE,312289,309724,332265,408326,470835,552678,534050,553537
"Population ages 65 and above, total",SP.POP.65UP.TO,"Bahamas, The",BHS,8663,9745,10939,12994,16048,18780,21700,25042
"Population ages 65 and above, total",SP.POP.65UP.TO,Bahrain,BHR,7427,11051,10823,13533,16304,19920,25807,31885
"Population ages 65 and above, total",SP.POP.65UP.TO,Bangladesh,BGD,2459809,2750989,3242586,3891607,4920068,5983904,7042041,7974314
"Population ages 65 and above, total",SP.POP.65UP.TO,Barbados,BRB,26763,26825,26836,29289,32786,34403,37385,41902
"Population ages 65 and above, total",SP.POP.65UP.TO,Belarus,BLR,1036684,994320,1087347,1266996,1345147,1422996,1325279,1359180
"Population ages 65 and above, total",SP.POP.65UP.TO,Belgium,BEL,1424173,1356466,1494260,1614690,1729026,1811864,1888644,2045400
"Population ages 65 and above, total",SP.POP.65UP.TO,Belize,BLZ,6474,6898,7746,9368,9664,9866,13153,15942
"Population ages 65 and above, total",SP.POP.65UP.TO,Benin,BEN,162100,172840,186704,205418,223645,251923,297126,341362
"Population ages 65 and above, total",SP.POP.65UP.TO,Bermuda,BMU,..,..,..,..,..,..,..,..
"Population ages 65 and above, total",SP.POP.65UP.TO,Bhutan,BTN,10070,12187,15017,18636,23145,28584,35240,41803
"Population ages 65 and above, total",SP.POP.65UP.TO,Bolivia,BOL,228596,271494,318870,375630,441513,517863,614689,734374
"Population ages 65 and above, total",SP.POP.65UP.TO,Bosnia and Herzegovina,BIH,242162,239751,293911,353009,411706,508934,517270,496591
"Population ages 65 and above, total",SP.POP.65UP.TO,Botswana,BWA,30394,32844,42272,47826,53481,56586,65909,81363
"Population ages 65 and above, total",SP.POP.65UP.TO,Brazil,BRA,4622119,5371564,6350158,7712265,9175089,11177826,13349254,16384412
"Population ages 65 and above, total",SP.POP.65UP.TO,British Virgin Islands,VGB,..,..,..,..,..,..,..,..
"Population ages 65 and above, total",SP.POP.65UP.TO,Brunei Darussalam,BRN,5468,6255,6756,7790,7890,10782,13174,16903
"Population ages 65 and above, total",SP.POP.65UP.TO,Bulgaria,BGR,1049963,1015069,1146109,1269847,1355812,1328891,1337026,1436950
"Population ages 65 and above, total",SP.POP.65UP.TO,Burkina Faso,BFA,216755,257209,289258,307953,320945,344384,385123,436081
"Population ages 65 and above, total",SP.POP.65UP.TO,Burundi,BDI,130433,140438,149878,152134,159362,167641,187468,212939
"Population ages 65 and above, total",SP.POP.65UP.TO,Cabo Verde,CPV,14066,14298,14322,17325,21469,26266,26235,23670
"Population ages 65 and above, total",SP.POP.65UP.TO,Cambodia,KHM,181397,217207,260359,323108,374389,449550,534326,639356
"Population ages 65 and above, total",SP.POP.65UP.TO,Cameroon,CMR,315944,355008,400273,445906,489663,534075,578426,635892
"Population ages 65 and above, total",SP.POP.65UP.TO,Canada,CAN,2311306,2650597,3115950,3503041,3855655,4229591,4812933,5731614
"Population ages 65 and above, total",SP.POP.65UP.TO,Cayman Islands,CYM,..,..,..,..,..,..,..,..
"Population ages 65 and above, total",SP.POP.65UP.TO,Central African Republic,CAF,96673,103976,110974,121008,128542,132716,132676,127202
"Population ages 65 and above, total",SP.POP.65UP.TO,Chad,TCD,157772,171653,192369,213104,238864,272237,305309,344972
"Population ages 65 and above, total",SP.POP.65UP.TO,Channel Islands,CHI,19238,19858,20533,20774,21558,22719,24569,27241
"Population ages 65 and above, total",SP.POP.65UP.TO,Chile,CHL,560233,653668,787155,985032,1173818,1364849,1597403,1904104
"Population ages 65 and above, total",SP.POP.65UP.TO,China,CHN,45866191,55809578,63912757,73788987,86009518,97550467,108012365,127959922
"Population ages 65 and above, total",SP.POP.65UP.TO,Colombia,COL,951965,1137795,1377162,1683847,2062095,2488953,2978556,3656570
"Population ages 65 and above, total",SP.POP.65UP.TO,Comoros,COM,9901,11420,12950,14665,16465,18340,20346,22493
"Population ages 65 and above, total",SP.POP.65UP.TO,"Congo, Dem. Rep.",COD,763651,874928,1019936,1231494,1391266,1622753,1931142,2300848
"Population ages 65 and above, total",SP.POP.65UP.TO,"Congo, Rep.",COG,55808,62021,68708,76101,84862,94968,107818,124749
"Population ages 65 and above, total",SP.POP.65UP.TO,Costa Rica,CRI,94266,115447,142976,178741,221134,272300,334219,420942
"Population ages 65 and above, total",SP.POP.65UP.TO,Cote d'Ivoire,CIV,209427,257802,317511,390116,465112,528239,586914,650354
"Population ages 65 and above, total",SP.POP.65UP.TO,Croatia,HRV,533810,500926,553014,632268,695523,743394,754287,809021
"Population ages 65 and above, total",SP.POP.65UP.TO,Cuba,CUB,768420,873701,952542,1019972,1096029,1223951,1407781,1590739
"Population ages 65 and above, total",SP.POP.65UP.TO,Curacao,CUW,8953,9938,10928,12535,13748,16567,19396,24201
"Population ages 65 and above, total",SP.POP.65UP.TO,Cyprus,CYP,64085,69264,75946,86533,96486,110635,127033,148989
"Population ages 65 and above, total",SP.POP.65UP.TO,Czech Republic,CZE,1397168,1210400,1310267,1365042,1415468,1434010,1617276,1897761
"Population ages 65 and above, total",SP.POP.65UP.TO,Denmark,DNK,739011,772454,802053,797375,793134,821190,924671,1082558
"Population ages 65 and above, total",SP.POP.65UP.TO,Djibouti,DJI,8447,10703,15274,17668,21583,25856,32129,39440
"Population ages 65 and above, total",SP.POP.65UP.TO,Dominica,DMA,..,..,..,..,..,..,..,..
"Population ages 65 and above, total",SP.POP.65UP.TO,Dominican Republic,DOM,172165,213312,266180,330688,407180,489761,567336,669309
"Population ages 65 and above, total",SP.POP.65UP.TO,Ecuador,ECU,328434,373068,432622,514502,620034,745824,900021,1070391
"Population ages 65 and above, total",SP.POP.65UP.TO,"Egypt, Arab Rep.",EGY,1943164,2238293,2582710,2980461,3383694,3696926,3966714,4716615
"Population ages 65 and above, total",SP.POP.65UP.TO,El Salvador,SLV,160246,190314,228767,269553,322446,382321,437404,490601
"Population ages 65 and above, total",SP.POP.65UP.TO,Equatorial Guinea,GNQ,12021,15577,17702,19704,22027,24514,27240,29629
"Population ages 65 and above, total",SP.POP.65UP.TO,Eritrea,ERI,45044,53236,62591,74034,87794,107855,126820,..
"Population ages 65 and above, total",SP.POP.65UP.TO,Estonia,EST,184854,175365,182995,195399,209796,226994,233328,247586
"Population ages 65 and above, total",SP.POP.65UP.TO,Eswatini,SWZ,15724,17553,20198,23825,28478,33921,39053,43625
"Population ages 65 and above, total",SP.POP.65UP.TO,Ethiopia,ETH,1125833,1226959,1512906,1763004,2054011,2376992,2893410,3482261
"Population ages 65 and above, total",SP.POP.65UP.TO,Faroe Islands,FRO,..,..,..,..,..,..,..,..
"Population ages 65 and above, total",SP.POP.65UP.TO,Fiji,FJI,16286,19755,21352,23424,27698,33641,41432,43195
"Population ages 65 and above, total",SP.POP.65UP.TO,Finland,FIN,574471,613868,669948,729453,776117,840795,924082,1109297
"Population ages 65 and above, total",SP.POP.65UP.TO,France,FRA,7676406,7325866,8173977,9026724,9780945,10406839,10958456,12573570
"Population ages 65 and above, total",SP.POP.65UP.TO,French Polynesia,PYF,4821,5065,6620,7704,10259,12946,16932,19797
"Population ages 65 and above, total",SP.POP.65UP.TO,Gabon,GAB,44125,48264,53482,59452,64040,65482,66456,70635
"Population ages 65 and above, total",SP.POP.65UP.TO,"Gambia, The",GMB,14498,17669,22773,28071,33805,40233,47667,55351
"Population ages 65 and above, total",SP.POP.65UP.TO,Georgia,GEO,413094,414278,447060,536615,527289,565226,539258,534537
"Population ages 65 and above, total",SP.POP.65UP.TO,Germany,DEU,12253383,11317405,11840892,12639817,13555225,15560598,16807408,17332748
"Population ages 65 and above, total",SP.POP.65UP.TO,Ghana,GHA,295419,350092,415166,489954,554857,615625,703246,836532
"Population ages 65 and above, total",SP.POP.65UP.TO,Gibraltar,GIB,..,..,..,..,..,..,..,..
"Population ages 65 and above, total",SP.POP.65UP.TO,Greece,GRC,1202269,1266607,1383001,1561635,1777608,1968170,2129940,2253017
"Population ages 65 and above, total",SP.POP.65UP.TO,Greenland,GRL,..,..,..,..,..,..,..,..
"Population ages 65 and above, total",SP.POP.65UP.TO,Grenada,GRD,6371,6295,7674,7714,8775,9239,10406,10505
"Population ages 65 and above, total",SP.POP.65UP.TO,Guam,GUM,3004,3984,5181,6770,8315,10155,11585,14349
"Population ages 65 and above, total",SP.POP.65UP.TO,Guatemala,GTM,216270,254687,311290,383554,464165,545530,627717,732549
"Population ages 65 and above, total",SP.POP.65UP.TO,Guinea,GIN,159490,186712,223508,260109,282608,290851,310143,329213
"Population ages 65 and above, total",SP.POP.65UP.TO,Guinea-Bissau,GNB,30401,31889,32613,33703,35108,37107,41211,46408
"Population ages 65 and above, total",SP.POP.65UP.TO,Guyana,GUY,29308,31544,29254,29492,30439,34494,34603,44072
"Population ages 65 and above, total",SP.POP.65UP.TO,Haiti,HTI,231752,260477,285449,311967,348550,392644,445712,496018
"Population ages 65 and above, total",SP.POP.65UP.TO,Honduras,HND,120278,137404,166946,200439,241936,284645,331149,394704
"Population ages 65 and above, total",SP.POP.65UP.TO,"Hong Kong SAR, China",HKG,324957,404415,504762,618418,734045,834372,909435,1107285
"Population ages 65 and above, total",SP.POP.65UP.TO,Hungary,HUN,1456776,1290478,1396050,1472954,1541570,1575472,1609244,1719459
"Population ages 65 and above, total",SP.POP.65UP.TO,Iceland,ISL,22508,24531,27181,30087,32647,35040,38181,45368
"Population ages 65 and above, total",SP.POP.65UP.TO,India,IND,25227716,29072004,33223200,38880963,46125193,54372877,62720364,73560284
"Population ages 65 and above, total",SP.POP.65UP.TO,Indonesia,IDN,5259156,5969828,6846473,8163299,9939275,10863626,12001057,13909895
"Population ages 65 and above, total",SP.POP.65UP.TO,"Iran, Islamic Rep.",IRN,1144661,1360516,1854851,2339603,2874640,3322685,3797043,4558586
"Population ages 65 and above, total",SP.POP.65UP.TO,Iraq,IRQ,558750,625526,666839,725266,816841,910047,998957,1104031
"Population ages 65 and above, total",SP.POP.65UP.TO,Ireland,IRL,365627,380082,391453,391854,400441,437343,502068,601431
"Population ages 65 and above, total",SP.POP.65UP.TO,Isle of Man,IMN,..,..,..,..,..,..,..,..
"Population ages 65 and above, total",SP.POP.65UP.TO,Israel,ISR,335942,364767,415945,541822,630737,694645,796566,940774
"Population ages 65 and above, total",SP.POP.65UP.TO,Italy,ITA,7538588,7439750,8434422,9414464,10411672,11396665,12108503,13329540
"Population ages 65 and above, total",SP.POP.65UP.TO,Jamaica,JAM,146037,162012,175953,186779,207402,217180,231553,246047
"Population ages 65 and above, total",SP.POP.65UP.TO,Japan,JPN,10410229,12209185,14661902,17934279,21543580,25110400,28813280,33081239
"Population ages 65 and above, total",SP.POP.65UP.TO,Jordan,JOR,75712,102340,113959,133979,156575,193072,263636,348018
"Population ages 65 and above, total",SP.POP.65UP.TO,Kazakhstan,KAZ,904144,889844,958731,1137282,1018027,1164900,1111672,1185686
"Population ages 65 and above, total",SP.POP.65UP.TO,Kenya,KEN,470960,526114,588717,660736,726783,762121,812178,1005943
"Population ages 65 and above, total",SP.POP.65UP.TO,Kiribati,KIR,1949,2303,2468,2683,2782,3268,3671,3939
"Population ages 65 and above, total",SP.POP.65UP.TO,"Korea, Dem. People’s Rep.",PRK,621622,733923,880553,1113886,1351610,1770795,2149803,2447889
"Population ages 65 and above, total",SP.POP.65UP.TO,"Korea, Rep.",KOR,1569815,1828690,2243354,2695680,3378095,4270694,5298977,6560196
"Population ages 65 and above, total",SP.POP.65UP.TO,Kosovo,XKX,..,..,..,..,..,..,..,..
"Population ages 65 and above, total",SP.POP.65UP.TO,Kuwait,KWT,22375,23644,27897,21911,32304,49133,59764,81272
"Population ages 65 and above, total",SP.POP.65UP.TO,Kyrgyz Republic,KGZ,209713,208350,220863,249848,269751,291319,246430,258245
"Population ages 65 and above, total",SP.POP.65UP.TO,Lao PDR,LAO,113648,131258,150207,170663,190079,210274,229964,258613
"Population ages 65 and above, total",SP.POP.65UP.TO,Latvia,LVA,328347,302847,316257,340982,354860,377413,381307,385986
"Population ages 65 and above, total",SP.POP.65UP.TO,Lebanon,LBN,140818,135704,147439,182270,219024,279143,314922,413343
"Population ages 65 and above, total",SP.POP.65UP.TO,Lesotho,LSO,56427,63657,72338,79179,82884,88268,93475,98863
"Population ages 65 and above, total",SP.POP.65UP.TO,Liberia,LBR,58549,68314,68446,69718,98879,108980,130062,142053
"Population ages 65 and above, total",SP.POP.65UP.TO,Libya,LBY,89766,109708,138053,170281,201713,231076,258717,272052
"Population ages 65 and above, total",SP.POP.65UP.TO,Liechtenstein,LIE,..,..,..,..,..,..,..,..
"Population ages 65 and above, total",SP.POP.65UP.TO,Lithuania,LTU,387523,369086,402272,445996,486736,531134,534941,542799
"Population ages 65 and above, total",SP.POP.65UP.TO,Luxembourg,LUX,49673,48733,51158,56842,61404,67079,70938,79712
"Population ages 65 and above, total",SP.POP.65UP.TO,"Macao SAR, China",MAC,18044,20812,22437,27648,31602,34268,36596,51725
"Population ages 65 and above, total",SP.POP.65UP.TO,Madagascar,MDG,293577,314162,350879,404887,467618,534032,599390,686807
"Population ages 65 and above, total",SP.POP.65UP.TO,Malawi,MWI,177030,217847,291877,335151,348119,362035,386159,441411
"Population ages 65 and above, total",SP.POP.65UP.TO,Malaysia,MYS,495395,577030,663617,779647,908066,1134333,1392960,1808864
"Population ages 65 and above, total",SP.POP.65UP.TO,Maldives,MDV,4012,4963,6225,7783,10516,14147,16660,17919
"Population ages 65 and above, total",SP.POP.65UP.TO,Mali,MLI,230206,279277,323281,350652,361158,373938,412983,441369
"Population ages 65 and above, total",SP.POP.65UP.TO,Malta,MLT,31197,32261,37139,43184,48386,55297,65043,83631
"Population ages 65 and above, total",SP.POP.65UP.TO,Marshall Islands,MHL,..,..,..,..,..,..,..,..
"Population ages 65 and above, total",SP.POP.65UP.TO,Mauritania,MRT,44272,53069,62597,73222,84941,96770,110072,126091
"Population ages 65 and above, total",SP.POP.65UP.TO,Mauritius,MUS,35095,41864,49863,58383,72888,80923,95372,125680
"Population ages 65 and above, total",SP.POP.65UP.TO,Mexico,MEX,2661616,3033225,3609323,4319660,5094248,5962764,7008938,8194622
"Population ages 65 and above, total",SP.POP.65UP.TO,"Micronesia, Fed. Sts.",FSM,2556,2989,3379,3720,3919,4127,3312,3748
"Population ages 65 and above, total",SP.POP.65UP.TO,Moldova,MDA,262986,269088,306456,331100,342896,356836,361402,357151
"Population ages 65 and above, total",SP.POP.65UP.TO,Monaco,MCO,..,..,..,..,..,..,..,..
"Population ages 65 and above, total",SP.POP.65UP.TO,Mongolia,MNG,75944,83339,90139,87324,88485,94107,103485,115870
"Population ages 65 and above, total",SP.POP.65UP.TO,Montenegro,MNE,46545,46675,49990,59927,69977,80246,80322,85752
"Population ages 65 and above, total",SP.POP.65UP.TO,Morocco,MAR,658439,760351,976486,1271287,1517594,1754010,1987071,2210380
"Population ages 65 and above, total",SP.POP.65UP.TO,Mozambique,MOZ,402452,446806,471718,531418,590541,650033,709301,784202
"Population ages 65 and above, total",SP.POP.65UP.TO,Myanmar,MMR,1252817,1449401,1645425,1872229,2099078,2268373,2431547,2722811
"Population ages 65 and above, total",SP.POP.65UP.TO,Namibia,NAM,37772,42492,49289,56038,58082,72969,87333,86608
"Population ages 65 and above, total",SP.POP.65UP.TO,Nauru,NRU,..,..,..,..,..,..,..,..
"Population ages 65 and above, total",SP.POP.65UP.TO,Nepal,NPL,493972,572766,667275,782573,901521,1108158,1353906,1496783
"Population ages 65 and above, total",SP.POP.65UP.TO,Netherlands,NLD,1609883,1731827,1903049,2029539,2163016,2306595,2564997,3035666
"Population ages 65 and above, total",SP.POP.65UP.TO,New Caledonia,NCL,6005,7114,8431,9286,11827,14160,17760,22984
"Population ages 65 and above, total",SP.POP.65UP.TO,New Zealand,NZL,303906,335572,370371,424555,455843,498677,567886,673140
"Population ages 65 and above, total",SP.POP.65UP.TO,Nicaragua,NIC,88258,107894,133414,161927,192225,226490,263671,295622
"Population ages 65 and above, total",SP.POP.65UP.TO,Niger,NER,115364,144776,184279,229431,276503,332875,412137,515135
"Population ages 65 and above, total",SP.POP.65UP.TO,Nigeria,NGA,2044478,2385766,2743310,3102471,3444337,3808243,4340382,4955102
"Population ages 65 and above, total",SP.POP.65UP.TO,North Macedonia,MKD,121916,121508,143818,172450,201268,226714,240140,260336
"Population ages 65 and above, total",SP.POP.65UP.TO,Northern Mariana Islands,MNP,..,..,..,..,..,..,..,..
"Population ages 65 and above, total",SP.POP.65UP.TO,Norway,NOR,601779,651705,693733,697882,685161,684943,727879,845900
"Population ages 65 and above, total",SP.POP.65UP.TO,Oman,OMN,31478,36230,41431,45659,55170,64978,81772,97273
"Population ages 65 and above, total",SP.POP.65UP.TO,Pakistan,PAK,2996954,3569430,4200442,4891158,5688084,6574659,7603504,8595259
"Population ages 65 and above, total",SP.POP.65UP.TO,Palau,PLW,..,..,..,..,..,..,..,..
"Population ages 65 and above, total",SP.POP.65UP.TO,Panama,PAN,82253,98777,117468,139700,167264,202498,246263,299910
"Population ages 65 and above, total",SP.POP.65UP.TO,Papua New Guinea,PNG,94263,111793,131705,154564,180026,206810,242546,263466
"Population ages 65 and above, total",SP.POP.65UP.TO,Paraguay,PRY,121594,145067,171178,203798,231988,276047,326266,393365
"Population ages 65 and above, total",SP.POP.65UP.TO,Peru,PER,637894,739676,884335,1062444,1286688,1529026,1804260,2232165
"Population ages 65 and above, total",SP.POP.65UP.TO,Philippines,PHL,1520627,1717544,1945003,2156793,2549072,3014303,3887446,4699395
"Population ages 65 and above, total",SP.POP.65UP.TO,Poland,POL,3631295,3438868,3792153,4224800,4600170,4990947,5125363,5975826
"Population ages 65 and above, total",SP.POP.65UP.TO,Portugal,PRT,1126036,1222853,1365219,1505234,1674006,1806990,1973228,2150538
"Population ages 65 and above, total",SP.POP.65UP.TO,Puerto Rico,PRI,256731,299061,349640,388221,433216,465801,487998,556999
"Population ages 65 and above, total",SP.POP.65UP.TO,Qatar,QAT,3530,4825,6220,7391,10338,11237,13265,25619
"Population ages 65 and above, total",SP.POP.65UP.TO,Romania,ROU,2266604,2159287,2414176,2733419,3054224,3246839,3172122,3361781
"Population ages 65 and above, total",SP.POP.65UP.TO,Russian Federation,RUS,14298856,14180552,15284712,18009620,18241857,19838906,18722375,19530711
"Population ages 65 and above, total",SP.POP.65UP.TO,Rwanda,RWA,122851,130780,158187,171059,288762,245346,258117,305704
"Population ages 65 and above, total",SP.POP.65UP.TO,Samoa,WSM,4298,4844,6240,7030,7679,8541,9233,8721
"Population ages 65 and above, total",SP.POP.65UP.TO,San Marino,SMR,..,..,..,..,..,..,..,..
"Population ages 65 and above, total",SP.POP.65UP.TO,Sao Tome and Principe,STP,4114,4170,4301,4785,4673,5250,5416,5742
"Population ages 65 and above, total",SP.POP.65UP.TO,Saudi Arabia,SAU,293102,344617,457327,542676,620142,706055,814263,958100
"Population ages 65 and above, total",SP.POP.65UP.TO,Senegal,SEN,148457,181175,223525,270550,313954,357023,400058,446315
"Population ages 65 and above, total",SP.POP.65UP.TO,Serbia,SRB,..,..,727193,872405,1017466,1071498,1074779,1203142
"Population ages 65 and above, total",SP.POP.65UP.TO,Seychelles,SYC,4125,4382,4609,5256,6181,5783,6799,6764
"Population ages 65 and above, total",SP.POP.65UP.TO,Sierra Leone,SLE,131131,143190,156508,148738,150940,177783,196101,214282
"Population ages 65 and above, total",SP.POP.65UP.TO,Singapore,SGP,114082,144449,170601,208177,257128,306029,368577,500765
"Population ages 65 and above, total",SP.POP.65UP.TO,Sint Maarten (Dutch part),SXM,..,..,..,..,..,..,..,..
"Population ages 65 and above, total",SP.POP.65UP.TO,Slovak Republic,SVK,522096,480369,542450,575169,608472,625270,671359,761885
"Population ages 65 and above, total",SP.POP.65UP.TO,Slovenia,SVN,216354,191288,212610,244608,280638,310125,341888,371710
"Population ages 65 and above, total",SP.POP.65UP.TO,Solomon Islands,SLB,7252,7865,8752,9722,11785,14184,17626,21245
"Population ages 65 and above, total",SP.POP.65UP.TO,Somalia,SOM,200642,205424,212374,207172,233290,276223,324054,386023
"Population ages 65 and above, total",SP.POP.65UP.TO,South Africa,ZAF,1101993,1272912,1459813,1783952,2030622,2208177,2433350,2785620
"Population ages 65 and above, total",SP.POP.65UP.TO,South Sudan,SSD,119624,142321,154524,150705,190935,241260,316598,365622
"Population ages 65 and above, total",SP.POP.65UP.TO,Spain,ESP,4157613,4558107,5204505,5997755,6761414,7280483,7943308,8660491
"Population ages 65 and above, total",SP.POP.65UP.TO,Sri Lanka,LKA,655738,790168,948057,1103206,1167900,1336473,1505774,1969483
"Population ages 65 and above, total",SP.POP.65UP.TO,St. Kitts and Nevis,KNA,..,..,..,..,..,..,..,..
"Population ages 65 and above, total",SP.POP.65UP.TO,St. Lucia,LCA,5869,6770,10186,11147,11701,11728,14816,16539
"Population ages 65 and above, total",SP.POP.65UP.TO,St. Martin (French part),MAF,..,..,..,..,..,..,..,..
"Population ages 65 and above, total",SP.POP.65UP.TO,St. Vincent and the Grenadines,VCT,5847,5996,6639,7118,7360,7680,8907,10087
"Population ages 65 and above, total",SP.POP.65UP.TO,Sudan,SDN,424982,500864,588876,726006,834712,965951,1128409,1339744
"Population ages 65 and above, total",SP.POP.65UP.TO,Suriname,SUR,15955,16779,19241,22568,25862,29528,32669,36954
"Population ages 65 and above, total",SP.POP.65UP.TO,Sweden,SWE,1356384,1442272,1525504,1545457,1535202,1562713,1708560,1921475
"Population ages 65 and above, total",SP.POP.65UP.TO,Switzerland,CHE,875441,906189,979597,1033856,1096897,1173842,1321734,1490610
"Population ages 65 and above, total",SP.POP.65UP.TO,Syrian Arab Republic,SYR,264773,309032,376033,456465,548212,615866,729196,718418
"Population ages 65 and above, total",SP.POP.65UP.TO,Tajikistan,TJK,179491,182626,202643,222525,223816,257937,248416,248962
"Population ages 65 and above, total",SP.POP.65UP.TO,Tanzania,TZA,483391,567144,661937,774301,867259,975075,1100295,1306567
"Population ages 65 and above, total",SP.POP.65UP.TO,Thailand,THA,1775102,2072384,2555251,3252208,4111833,5072459,5978274,7285134
"Population ages 65 and above, total",SP.POP.65UP.TO,Timor-Leste,TLS,16052,18945,22517,27046,30138,36941,44212,52491
"Population ages 65 and above, total",SP.POP.65UP.TO,Togo,TGO,79400,96083,112439,126972,140879,155478,175334,205235
"Population ages 65 and above, total",SP.POP.65UP.TO,Tonga,TON,3033,3532,4169,5043,5497,5955,5945,6042
"Population ages 65 and above, total",SP.POP.65UP.TO,Trinidad and Tobago,TTO,58867,64550,69691,75524,82061,93454,110181,132478
"Population ages 65 and above, total",SP.POP.65UP.TO,Tunisia,TUN,249085,326161,401388,507096,653241,746960,796175,856944
"Population ages 65 and above, total",SP.POP.65UP.TO,Turkey,TUR,2073493,2178732,2483779,3047168,3852577,4534397,5215983,6179373
"Population ages 65 and above, total",SP.POP.65UP.TO,Turkmenistan,TKM,122359,125561,139034,172635,193217,218365,210534,226767
"Population ages 65 and above, total",SP.POP.65UP.TO,Turks and Caicos Islands,TCA,..,..,..,..,..,..,..,..
"Population ages 65 and above, total",SP.POP.65UP.TO,Tuvalu,TUV,..,..,..,..,..,..,..,..
"Population ages 65 and above, total",SP.POP.65UP.TO,Uganda,UGA,323719,379645,446968,501562,540897,546716,606794,719722
"Population ages 65 and above, total",SP.POP.65UP.TO,Ukraine,UKR,5909633,5694284,6220564,6970991,6786193,7484056,7205115,7075371
"Population ages 65 and above, total",SP.POP.65UP.TO,United Arab Emirates,ARE,14756,16626,21943,25463,34242,40725,58618,86457
"Population ages 65 and above, total",SP.POP.65UP.TO,United Kingdom,GBR,8417434,8559392,9015808,9218148,9359875,9685709,10400226,11706398
"Population ages 65 and above, total",SP.POP.65UP.TO,United States,USA,26259352,28864148,31521853,33717480,34801176,36383151,40156009,46965980
"Population ages 65 and above, total",SP.POP.65UP.TO,Uruguay,URY,306753,330454,361884,401418,434619,451049,470350,494163
"Population ages 65 and above, total",SP.POP.65UP.TO,Uzbekistan,UZB,821060,810310,842711,1013833,1138749,1266433,1287436,1270308
"Population ages 65 and above, total",SP.POP.65UP.TO,Vanuatu,VUT,3462,4303,5207,5796,6091,6842,9222,10099
"Population ages 65 and above, total",SP.POP.65UP.TO,"Venezuela, RB",VEN,486139,606069,743343,900137,1085213,1312413,1583491,1914674
"Population ages 65 and above, total",SP.POP.65UP.TO,Vietnam,VNM,2897117,3351620,3905532,4456114,5129773,5486402,5709096,6170772
"Population ages 65 and above, total",SP.POP.65UP.TO,Virgin Islands (U.S.),VIR,4852,5377,6473,7978,9407,11440,14609,18842
"Population ages 65 and above, total",SP.POP.65UP.TO,West Bank and Gaza,PSE,..,..,42106,52797,66486,83791,104262,128800
"Population ages 65 and above, total",SP.POP.65UP.TO,"Yemen, Rep.",YEM,240151,265590,296252,455229,484841,535936,616634,740858
"Population ages 65 and above, total",SP.POP.65UP.TO,Zambia,ZMB,148442,174527,203635,225519,249191,265591,283345,326594
"Population ages 65 and above, total",SP.POP.65UP.TO,Zimbabwe,ZWE,200843,245702,279373,319525,355305,375716,390063,392915
"Population ages 65 and above, total",SP.POP.65UP.TO,Arab World,ARB,5944263,6849912,8064277,9672492,11344828,12952803,14667787,17033363
"Population ages 65 and above, total",SP.POP.65UP.TO,Europe & Central Asia,ECS,91155097,89554658,97587186,108405380,115184317,125155599,129958009,141086645
"Population ages 65 and above, total",SP.POP.65UP.TO,European Union,EUU,61708190,60340595,65782335,71366520,76760198,82842142,88363797,97253551
"Population ages 65 and above, total",SP.POP.65UP.TO,Latin America & Caribbean,LCN,15691950,18143843,21292362,25246737,29553616,34668242,40507186,48196689
"Population ages 65 and above, total",SP.POP.65UP.TO,Middle East & North Africa,MEA,6776266,7836679,9495415,11576036,13729183,15668146,17743558,20742003
"Population ages 65 and above, total",SP.POP.65UP.TO,North America,NAC,28570658,31514745,34637803,37220521,38656831,40612742,44968942,52697594
"Population ages 65 and above, total",SP.POP.65UP.TO,South Asia,SAS,32173469,37039851,42579912,50004844,59312692,69990248,80956966,94508842
"Population ages 65 and above, total",SP.POP.65UP.TO,Sub-Saharan Africa,SSF,11579182,13289846,15382053,17696210,19997589,22206229,25244699,29192310
"Population ages 65 and above, total",SP.POP.65UP.TO,World,WLD,261166057,287307530,325275623,372289565,420196307,472477280,523666170,603377785
"Population ages 0-14, total",SP.POP.0014.TO,Afghanistan,AFG,6168003,5679718,5996165,8660288,10160020,12278045,14061036,15443806
"Population ages 0-14, total",SP.POP.0014.TO,Albania,ALB,961426,1009417,1077154,1043751,937016,798071,654121,537791
"Population ages 0-14, total",SP.POP.0014.TO,Algeria,DZA,8903584,10182088,11166204,11430497,10666956,9677315,9815650,11404930
"Population ages 0-14, total",SP.POP.0014.TO,American Samoa,ASM,..,..,..,..,..,..,..,..
"Population ages 0-14, total",SP.POP.0014.TO,Andorra,AND,..,..,..,..,..,..,..,..
"Population ages 0-14, total",SP.POP.0014.TO,Angola,AGO,3846099,4721216,5635397,6635638,7738636,9111254,10987155,13136045
"Population ages 0-14, total",SP.POP.0014.TO,Antigua and Barbuda,ATG,23491,21268,19250,20482,21811,21594,21426,21122
"Population ages 0-14, total",SP.POP.0014.TO,Argentina,ARG,8485077,9358489,10041982,10308661,10494235,10609996,10619665,10874071
"Population ages 0-14, total",SP.POP.0014.TO,Armenia,ARM,938301,996933,1063002,941309,792295,639824,559946,587452
"Population ages 0-14, total",SP.POP.0014.TO,Aruba,ABW,15934,15459,15256,18812,21059,21480,21222,19515
"Population ages 0-14, total",SP.POP.0014.TO,Australia,AUS,3717172,3722489,3769581,3898194,3999611,4041179,4193157,4498208
"Population ages 0-14, total",SP.POP.0014.TO,Austria,AUT,1549231,1370721,1299884,1408227,1348118,1314129,1230814,1220347
"Population ages 0-14, total",SP.POP.0014.TO,Azerbaijan,AZE,2146218,2164440,2376970,2583156,2506956,2201139,2067587,2207180
"Population ages 0-14, total",SP.POP.0014.TO,"Bahamas, The",BHS,77863,82087,83112,87925,87350,91315,95422,89773
"Population ages 0-14, total",SP.POP.0014.TO,Bahrain,BHR,124424,140736,162121,170497,200319,228376,252038,286027
"Population ages 0-14, total",SP.POP.0014.TO,Bangladesh,BGD,35606524,39675640,43429145,45787205,47178537,47778952,47204865,45748817
"Population ages 0-14, total",SP.POP.0014.TO,Barbados,BRB,75088,68620,62693,60558,59209,56821,55701,52164
"Population ages 0-14, total",SP.POP.0014.TO,Belarus,BLR,2197454,2278265,2336356,2208604,1848790,1507385,1413690,1543349
"Population ages 0-14, total",SP.POP.0014.TO,Belgium,BEL,1985822,1839379,1786760,1813396,1800715,1797090,1839474,1917082
"Population ages 0-14, total",SP.POP.0014.TO,Belize,BLZ,67108,73847,81510,88281,100760,110405,114838,115869
"Population ages 0-14, total",SP.POP.0014.TO,Benin,BEN,1660675,1941922,2279696,2679594,3099205,3547183,4033508,4551582
"Population ages 0-14, total",SP.POP.0014.TO,Bermuda,BMU,..,..,..,..,..,..,..,..
"Population ages 0-14, total",SP.POP.0014.TO,Bhutan,BTN,177668,203988,230566,228826,235305,227583,213689,199284
"Population ages 0-14, total",SP.POP.0014.TO,Bolivia,BOL,2279053,2495457,2728650,2956989,3177023,3353782,3465710,3522331
"Population ages 0-14, total",SP.POP.0014.TO,Bosnia and Herzegovina,BIH,1201152,1152705,1078368,842974,776939,666534,583132,522688
"Population ages 0-14, total",SP.POP.0014.TO,Botswana,BWA,435486,512272,578604,619316,635233,657060,694859,740482
"Population ages 0-14, total",SP.POP.0014.TO,Brazil,BRA,46094175,49741938,52387546,53063542,52329021,50927580,48582701,45844252
"Population ages 0-14, total",SP.POP.0014.TO,British Virgin Islands,VGB,..,..,..,..,..,..,..,..
"Population ages 0-14, total",SP.POP.0014.TO,Brunei Darussalam,BRN,75467,85632,89631,98551,102138,101615,100889,99946
"Population ages 0-14, total",SP.POP.0014.TO,Bulgaria,BGR,1962711,1939945,1773939,1505548,1279448,1042873,998134,1024567
"Population ages 0-14, total",SP.POP.0014.TO,Burkina Faso,BFA,3109929,3605473,4163498,4753740,5429017,6240652,7213255,8253725
"Population ages 0-14, total",SP.POP.0014.TO,Burundi,BDI,1857677,2194251,2605954,3012085,3194025,3459861,3916194,4624915
"Population ages 0-14, total",SP.POP.0014.TO,Cabo Verde,CPV,134286,140866,155786,176477,183964,174279,159195,157110
"Population ages 0-14, total",SP.POP.0014.TO,Cambodia,KHM,2749003,3273258,3974797,4952568,5055506,4919913,4769774,4905112
"Population ages 0-14, total",SP.POP.0014.TO,Cameroon,CMR,3852219,4616024,5471854,6287522,6995203,7834424,8887236,10068777
"Population ages 0-14, total",SP.POP.0014.TO,Canada,CAN,5578695,5499194,5729961,5970934,5880513,5699388,5606922,5709424
"Population ages 0-14, total",SP.POP.0014.TO,Cayman Islands,CYM,..,..,..,..,..,..,..,..
"Population ages 0-14, total",SP.POP.0014.TO,Central African Republic,CAF,928399,1075405,1228794,1400727,1575409,1756688,1932638,2031129
"Population ages 0-14, total",SP.POP.0014.TO,Chad,TCD,2035351,2370311,2831721,3383275,4083622,4962039,5828681,6750220
"Population ages 0-14, total",SP.POP.0014.TO,Channel Islands,CHI,23440,22073,22683,24341,25307,24689,24829,25627
"Population ages 0-14, total",SP.POP.0014.TO,Chile,CHL,3823971,3845903,3998238,4178111,4193302,3991430,3767709,3695764
"Population ages 0-14, total",SP.POP.0014.TO,China,CHN,352611901,323050142,324546177,325698399,312993544,265351992,249615182,247557811
"Population ages 0-14, total",SP.POP.0014.TO,Colombia,COL,10766635,11253225,11931202,12569782,12908991,12931241,12331562,11656662
"Population ages 0-14, total",SP.POP.0014.TO,Comoros,COM,137878,161586,189109,216156,238510,258535,283078,312073
"Population ages 0-14, total",SP.POP.0014.TO,"Congo, Dem. Rep.",COD,11755476,13402719,15617193,18891940,21452137,25082559,29790152,35334818
"Population ages 0-14, total",SP.POP.0014.TO,"Congo, Rep.",COG,819734,938095,1051805,1168893,1318695,1516112,1779355,2047077
"Population ages 0-14, total",SP.POP.0014.TO,Costa Rica,CRI,880421,970223,1111064,1209614,1234693,1175774,1112651,1073771
"Population ages 0-14, total",SP.POP.0014.TO,Cote d'Ivoire,CIV,3636086,4499525,5379227,6252846,7179534,8099732,8956699,9885342
"Population ages 0-14, total",SP.POP.0014.TO,Croatia,HRV,968479,978455,945405,852061,773996,678023,663326,611245
"Population ages 0-14, total",SP.POP.0014.TO,Cuba,CUB,3124092,2692919,2464759,2435676,2401520,2162342,1991584,1888392
"Population ages 0-14, total",SP.POP.0014.TO,Curacao,CUW,45907,42358,39609,38837,33363,29672,30796,31237
"Population ages 0-14, total",SP.POP.0014.TO,Cyprus,CYP,171293,175443,195411,208651,211296,205506,198452,196155
"Population ages 0-14, total",SP.POP.0014.TO,Czech Republic,CZE,2411901,2430088,2227371,1925838,1684165,1504282,1491710,1593951
"Population ages 0-14, total",SP.POP.0014.TO,Denmark,DNK,1067393,941426,875450,909015,986199,1014949,995794,957278
"Population ages 0-14, total",SP.POP.0014.TO,Djibouti,DJI,166794,191924,265745,272095,294035,296658,273601,279297
"Population ages 0-14, total",SP.POP.0014.TO,Dominica,DMA,..,..,..,..,..,..,..,..
"Population ages 0-14, total",SP.POP.0014.TO,Dominican Republic,DOM,2482178,2614750,2744159,2876371,2957530,2998107,2967711,2964047
"Population ages 0-14, total",SP.POP.0014.TO,Ecuador,ECU,3355890,3638810,3914733,4185692,4434201,4581120,4659041,4711020
"Population ages 0-14, total",SP.POP.0014.TO,"Egypt, Arab Rep.",EGY,17661307,20047350,22878960,24576893,25369622,25560697,26943887,30795828
"Population ages 0-14, total",SP.POP.0014.TO,El Salvador,SLV,2013428,2096314,2107775,2129468,2157401,2104581,1956621,1794548
"Population ages 0-14, total",SP.POP.0014.TO,Equatorial Guinea,GNQ,97442,143581,180056,212430,246407,296632,363324,438538
"Population ages 0-14, total",SP.POP.0014.TO,Eritrea,ERI,767480,889958,1020051,1075302,1047869,1091534,1251793,..
"Population ages 0-14, total",SP.POP.0014.TO,Estonia,EST,319434,337286,348094,296183,245631,205340,201494,212181
"Population ages 0-14, total",SP.POP.0014.TO,Eswatini,SWZ,294376,354444,400757,429159,432418,425920,427938,431666
"Population ages 0-14, total",SP.POP.0014.TO,Ethiopia,ETH,15855968,18751707,22172371,26573734,30769879,35493947,39378225,42527398
"Population ages 0-14, total",SP.POP.0014.TO,Faroe Islands,FRO,..,..,..,..,..,..,..,..
"Population ages 0-14, total",SP.POP.0014.TO,Fiji,FJI,249494,278054,280069,283549,284109,250871,249351,259265
"Population ages 0-14, total",SP.POP.0014.TO,Finland,FIN,970080,951100,962711,971220,938755,909636,886165,898350
"Population ages 0-14, total",SP.POP.0014.TO,France,FRA,12367154,12016009,11694424,11646006,11516741,11684235,12015681,12221489
"Population ages 0-14, total",SP.POP.0014.TO,French Polynesia,PYF,61204,64631,70748,74694,76648,72860,67892,64512
"Population ages 0-14, total",SP.POP.0014.TO,Gabon,GAB,285704,337533,396415,455278,503818,547112,607967,707650
"Population ages 0-14, total",SP.POP.0014.TO,"Gambia, The",GMB,277575,332848,418848,517627,620270,715075,809544,928286
"Population ages 0-14, total",SP.POP.0014.TO,Georgia,GEO,1140248,1157618,1193788,1044415,848926,742467,679901,706549
"Population ages 0-14, total",SP.POP.0014.TO,Germany,DEU,14539329,12380642,12668332,13279946,12884644,11889313,11095807,10796469
"Population ages 0-14, total",SP.POP.0014.TO,Ghana,GHA,5184702,5782361,6530231,7363354,8184335,8915026,9735036,10636090
"Population ages 0-14, total",SP.POP.0014.TO,Gibraltar,GIB,..,..,..,..,..,..,..,..
"Population ages 0-14, total",SP.POP.0014.TO,Greece,GRC,2280111,2199040,2003171,1788609,1629581,1618266,1674313,1575504
"Population ages 0-14, total",SP.POP.0014.TO,Greenland,GRL,..,..,..,..,..,..,..,..
"Population ages 0-14, total",SP.POP.0014.TO,Grenada,GRD,35593,38053,37468,38170,34341,29428,25462,25472
"Population ages 0-14, total",SP.POP.0014.TO,Guam,GUM,35803,37440,38972,45011,47354,46739,43848,41328
"Population ages 0-14, total",SP.POP.0014.TO,Guatemala,GTM,3366655,3831500,4247545,4682147,5094856,5533951,5759411,5888528
"Population ages 0-14, total",SP.POP.0014.TO,Guinea,GIN,2108557,2430230,2856778,3336305,3826397,4264254,4706231,5148298
"Population ages 0-14, total",SP.POP.0014.TO,Guinea-Bissau,GNB,340253,398288,453101,502356,545567,592647,656936,741394
"Population ages 0-14, total",SP.POP.0014.TO,Guyana,GUY,330671,303169,268707,274692,266245,270779,241443,225106
"Population ages 0-14, total",SP.POP.0014.TO,Haiti,HTI,2306402,2679023,3042261,3297918,3406395,3509768,3608361,3676554
"Population ages 0-14, total",SP.POP.0014.TO,Honduras,HND,1744551,2004052,2273244,2535704,2815398,3027976,3125793,3073079
"Population ages 0-14, total",SP.POP.0014.TO,"Hong Kong SAR, China",HKG,1276986,1277566,1182061,1145745,1123898,977563,837899,814260
"Population ages 0-14, total",SP.POP.0014.TO,Hungary,HUN,2357770,2307662,2117760,1868173,1718373,1565188,1485993,1422182
"Population ages 0-14, total",SP.POP.0014.TO,Iceland,ISL,62758,63239,63565,65293,65251,65815,66144,67198
"Population ages 0-14, total",SP.POP.0014.TO,India,IND,274325593,303956109,331545788,353275739,366904765,375719594,380285235,372623069
"Population ages 0-14, total",SP.POP.0014.TO,Indonesia,IDN,60593102,64443064,66127294,66312128,64918712,67618157,69716213,70928717
"Population ages 0-14, total",SP.POP.0014.TO,"Iran, Islamic Rep.",IRN,16851782,21593794,25676106,25475728,22287873,18761903,17735659,18744298
"Population ages 0-14, total",SP.POP.0014.TO,Iraq,IRQ,6394988,7172427,7976419,8904656,10087898,11312733,12434038,13983680
"Population ages 0-14, total",SP.POP.0014.TO,Ireland,IRL,1040777,1058126,970115,878071,816744,840275,947864,1028445
"Population ages 0-14, total",SP.POP.0014.TO,Isle of Man,IMN,..,..,..,..,..,..,..,..
"Population ages 0-14, total",SP.POP.0014.TO,Israel,ISR,1280627,1390951,1456477,1607881,1765867,1930051,2078457,2334787
"Population ages 0-14, total",SP.POP.0014.TO,Italy,ITA,12401401,10828647,9344252,8526746,8156572,8212477,8345544,8329425
"Population ages 0-14, total",SP.POP.0014.TO,Jamaica,JAM,859130,863562,842997,849184,853467,825498,759216,711161
"Population ages 0-14, total",SP.POP.0014.TO,Japan,JPN,27542350,26134491,22823568,20379439,18752313,17670854,17103469,16514831
"Population ages 0-14, total",SP.POP.0014.TO,Jordan,JOR,1164720,1366699,1632101,1872302,2029214,2204963,2721449,3333811
"Population ages 0-14, total",SP.POP.0014.TO,Kazakhstan,KAZ,4791242,5013058,5138138,4697097,4096602,3708587,3926224,4683614
"Population ages 0-14, total",SP.POP.0014.TO,Kenya,KEN,8223004,9957291,11651344,12994222,14463358,16124832,18258693,19842336
"Population ages 0-14, total",SP.POP.0014.TO,Kiribati,KIR,23397,25102,29180,31967,33741,34087,37158,38832
"Population ages 0-14, total",SP.POP.0014.TO,"Korea, Dem. People’s Rep.",PRK,6402338,5911808,5504750,5891892,5947414,5909744,5557451,5268135
"Population ages 0-14, total",SP.POP.0014.TO,"Korea, Rep.",KOR,12910900,12260287,10904922,10384495,9690554,9071871,7979006,7030737
"Population ages 0-14, total",SP.POP.0014.TO,Kosovo,XKX,..,..,..,..,..,..,..,..
"Population ages 0-14, total",SP.POP.0014.TO,Kuwait,KWT,551432,652665,731331,493368,580356,589683,694627,813313
"Population ages 0-14, total",SP.POP.0014.TO,Kyrgyz Republic,KGZ,1336427,1459096,1643865,1712919,1711534,1598146,1628755,1876418
"Population ages 0-14, total",SP.POP.0014.TO,Lao PDR,LAO,1447954,1640394,1885019,2154170,2308297,2318559,2276693,2265853
"Population ages 0-14, total",SP.POP.0014.TO,Latvia,LVA,510536,547295,571428,515382,422762,328652,295529,298494
"Population ages 0-14, total",SP.POP.0014.TO,Lebanon,LBN,1012522,1032276,1044298,1150956,1194873,1425951,1278704,1785889
"Population ages 0-14, total",SP.POP.0014.TO,Lesotho,LSO,614470,701414,771772,806774,813394,741745,696203,687767
"Population ages 0-14, total",SP.POP.0014.TO,Liberia,LBR,832253,973617,932356,890845,1216086,1379511,1674617,1882426
"Population ages 0-14, total",SP.POP.0014.TO,Libya,LBY,1540910,1735278,1852219,1861952,1813831,1749205,1782015,1852834
"Population ages 0-14, total",SP.POP.0014.TO,Liechtenstein,LIE,..,..,..,..,..,..,..,..
"Population ages 0-14, total",SP.POP.0014.TO,Lithuania,LTU,795969,807293,834418,789666,701290,557289,457326,423963
"Population ages 0-14, total",SP.POP.0014.TO,Luxembourg,LUX,68303,63035,66272,75323,82652,86624,89447,93289
"Population ages 0-14, total",SP.POP.0014.TO,"Macao SAR, China",MAC,56335,66918,87704,98126,97727,82165,69793,75956
"Population ages 0-14, total",SP.POP.0014.TO,Madagascar,MDG,4023772,4631156,5284636,6085628,7119051,8198705,9205664,10091893
"Population ages 0-14, total",SP.POP.0014.TO,Malawi,MWI,2867844,3364655,4212577,4430014,5137399,5856028,6739319,7550125
"Population ages 0-14, total",SP.POP.0014.TO,Malaysia,MYS,5448978,5978025,6679765,7290603,7736724,7823466,7887281,7594862
"Population ages 0-14, total",SP.POP.0014.TO,Maldives,MDV,71863,87719,106033,118088,113059,100575,92500,96522
"Population ages 0-14, total",SP.POP.0014.TO,Mali,MLI,3124367,3535829,3948326,4472276,5097497,5987807,7146761,8361556
"Population ages 0-14, total",SP.POP.0014.TO,Malta,MLT,75292,81707,82971,83082,77450,70402,62140,63321
"Population ages 0-14, total",SP.POP.0014.TO,Marshall Islands,MHL,..,..,..,..,..,..,..,..
"Population ages 0-14, total",SP.POP.0014.TO,Mauritania,MRT,700775,801023,912725,1026702,1145246,1277084,1441241,1639052
"Population ages 0-14, total",SP.POP.0014.TO,Mauritius,MUS,344124,326558,306893,308495,305694,303708,274399,244949
"Population ages 0-14, total",SP.POP.0014.TO,Mexico,MEX,30335061,31981612,32911260,33654145,33820236,33749097,33666195,33676710
"Population ages 0-14, total",SP.POP.0014.TO,"Micronesia, Fed. Sts.",FSM,34523,39052,42509,46852,43340,41236,36725,35716
"Population ages 0-14, total",SP.POP.0014.TO,Moldova,MDA,907806,971547,1031777,977660,853699,665690,588319,561262
"Population ages 0-14, total",SP.POP.0014.TO,Monaco,MCO,..,..,..,..,..,..,..,..
"Population ages 0-14, total",SP.POP.0014.TO,Mongolia,MNG,738189,809897,883824,887573,833615,730879,734966,865406
"Population ages 0-14, total",SP.POP.0014.TO,Montenegro,MNE,156384,156086,154259,143294,129734,123948,119200,115090
"Population ages 0-14, total",SP.POP.0014.TO,Morocco,MAR,8656477,9359274,9834352,10006423,9642219,9366166,9222312,9614554
"Population ages 0-14, total",SP.POP.0014.TO,Mozambique,MOZ,5043903,5643113,6054854,6859264,7882509,9262591,10761495,12282519
"Population ages 0-14, total",SP.POP.0014.TO,Myanmar,MMR,14129083,15137594,15561153,15402969,15189999,15261943,15203589,14654403
"Population ages 0-14, total",SP.POP.0014.TO,Namibia,NAM,492038,561811,635654,703788,754113,764409,792763,854320
"Population ages 0-14, total",SP.POP.0014.TO,Nauru,NRU,..,..,..,..,..,..,..,..
"Population ages 0-14, total",SP.POP.0014.TO,Nepal,NPL,6218221,7076573,8020875,8967751,9807472,10109254,9802827,9010435
"Population ages 0-14, total",SP.POP.0014.TO,Netherlands,NLD,3159163,2819085,2721955,2840323,2941099,2989858,2911390,2838388
"Population ages 0-14, total",SP.POP.0014.TO,New Caledonia,NCL,52497,55140,54852,59430,64533,64868,64516,64730
"Population ages 0-14, total",SP.POP.0014.TO,New Zealand,NZL,846754,799883,773555,845075,876286,890642,891784,917800
"Population ages 0-14, total",SP.POP.0014.TO,Nicaragua,NIC,1535699,1758034,1912987,2013557,2010316,1970055,1940490,1946406
"Population ages 0-14, total",SP.POP.0014.TO,Niger,NER,2882372,3353495,3884397,4557005,5470307,6702219,8237963,10033891
"Population ages 0-14, total",SP.POP.0014.TO,Nigeria,NGA,32353296,37643474,42820775,47756089,53321039,60644267,69797221,79936869
"Population ages 0-14, total",SP.POP.0014.TO,North Macedonia,MKD,573882,546308,522830,498014,461488,416301,370777,350149
"Population ages 0-14, total",SP.POP.0014.TO,Northern Mariana Islands,MNP,..,..,..,..,..,..,..,..
"Population ages 0-14, total",SP.POP.0014.TO,Norway,NOR,906050,831134,802711,848258,897452,906728,919745,931994
"Population ages 0-14, total",SP.POP.0014.TO,Oman,OMN,520385,683192,819980,872260,841512,815576,781315,931722
"Population ages 0-14, total",SP.POP.0014.TO,Pakistan,PAK,33454921,39252311,46292375,53433409,59732946,64078326,67634095,71667400
"Population ages 0-14, total",SP.POP.0014.TO,Palau,PLW,..,..,..,..,..,..,..,..
"Population ages 0-14, total",SP.POP.0014.TO,Panama,PAN,808943,852480,886554,921849,969228,1013375,1061141,1104892
"Population ages 0-14, total",SP.POP.0014.TO,Papua New Guinea,PNG,1558409,1763840,1941639,2110024,2325085,2544665,2800089,2983400
"Population ages 0-14, total",SP.POP.0014.TO,Paraguay,PRY,1351683,1527580,1749511,1934223,2048067,2067333,2057811,2035712
"Population ages 0-14, total",SP.POP.0014.TO,Peru,PER,7428479,8047001,8610474,9005878,9112654,8929821,8735916,8556700
"Population ages 0-14, total",SP.POP.0014.TO,Philippines,PHL,20424830,22724056,25337207,27748659,30003333,31991256,31940605,32964143
"Population ages 0-14, total",SP.POP.0014.TO,Poland,POL,8547535,9511618,9573513,8894761,7482513,6339569,5789081,5638815
"Population ages 0-14, total",SP.POP.0014.TO,Portugal,PRT,2522011,2373342,2049282,1780609,1649547,1621326,1582496,1459117
"Population ages 0-14, total",SP.POP.0014.TO,Puerto Rico,PRI,1012121,998060,958773,929548,897397,850999,767709,645740
"Population ages 0-14, total",SP.POP.0014.TO,Qatar,QAT,75231,107084,134723,140073,152403,187834,239228,344674
"Population ages 0-14, total",SP.POP.0014.TO,Romania,ROU,5962790,5704743,5510103,4715536,4171613,3355381,3194045,3076580
"Population ages 0-14, total",SP.POP.0014.TO,Russian Federation,RUS,29975318,32396499,33955164,31722518,26746050,21777266,21323539,24318966
"Population ages 0-14, total",SP.POP.0014.TO,Rwanda,RWA,2473585,3051268,3602326,2454871,3520437,3744593,4170277,4614872
"Population ages 0-14, total",SP.POP.0014.TO,Samoa,WSM,71899,68559,65728,69233,71099,71181,71235,75131
"Population ages 0-14, total",SP.POP.0014.TO,San Marino,SMR,..,..,..,..,..,..,..,..
"Population ages 0-14, total",SP.POP.0014.TO,Sao Tome and Principe,STP,45622,50480,57899,61403,63122,69284,78293,86435
"Population ages 0-14, total",SP.POP.0014.TO,Saudi Arabia,SAU,4228039,5535144,6818969,7785817,7908544,8067469,8145121,8190404
"Population ages 0-14, total",SP.POP.0014.TO,Senegal,SEN,2586135,3054844,3525099,3981322,4380403,4851305,5515879,6337801
"Population ages 0-14, total",SP.POP.0014.TO,Serbia,SRB,..,..,1803399,1682573,1540688,1392485,1263978,1146913
"Population ages 0-14, total",SP.POP.0014.TO,Seychelles,SYC,24265,23018,24924,23568,23243,20686,20478,21678
"Population ages 0-14, total",SP.POP.0014.TO,Sierra Leone,SLE,1441547,1650100,1896430,1906407,2024968,2469465,2761155,3006031
"Population ages 0-14, total",SP.POP.0014.TO,Singapore,SGP,652748,664167,653949,721238,753639,734887,710431,699188
"Population ages 0-14, total",SP.POP.0014.TO,Sint Maarten (Dutch part),SXM,..,..,..,..,..,..,..,..
"Population ages 0-14, total",SP.POP.0014.TO,Slovak Republic,SVK,1302859,1369365,1345420,1221774,1062301,903837,826781,827553
"Population ages 0-14, total",SP.POP.0014.TO,Slovenia,SVN,444618,436382,414177,362388,313717,279441,286608,302719
"Population ages 0-14, total",SP.POP.0014.TO,Solomon Islands,SLB,109267,128825,141723,155588,172992,194146,215112,243841
"Population ages 0-14, total",SP.POP.0014.TO,Somalia,SOM,2748752,2901767,3193303,3398711,4187655,5002781,5802083,6507983
"Population ages 0-14, total",SP.POP.0014.TO,South Africa,ZAF,11668848,13318015,14764462,15471422,15227850,14786132,15196944,16223292
"Population ages 0-14, total",SP.POP.0014.TO,South Sudan,SSD,1996513,2303817,2431172,2276527,2778778,3336300,4137878,4552591
"Population ages 0-14, total",SP.POP.0014.TO,Spain,ESP,9727915,9004403,7771321,6624202,5978403,6219106,6890323,6923218
"Population ages 0-14, total",SP.POP.0014.TO,Sri Lanka,LKA,5397064,5533793,5562125,5382142,5023579,5000528,5142080,5194827
"Population ages 0-14, total",SP.POP.0014.TO,St. Kitts and Nevis,KNA,..,..,..,..,..,..,..,..
"Population ages 0-14, total",SP.POP.0014.TO,St. Lucia,LCA,51710,51423,50490,51430,50600,45367,40415,35404
"Population ages 0-14, total",SP.POP.0014.TO,St. Martin (French part),MAF,..,..,..,..,..,..,..,..
"Population ages 0-14, total",SP.POP.0014.TO,St. Vincent and the Grenadines,VCT,43935,41672,40800,37220,33932,31014,27966,25889
"Population ages 0-14, total",SP.POP.0014.TO,Sudan,SDN,6831163,8018109,9170564,10646282,11946931,13453933,14852433,16146248
"Population ages 0-14, total",SP.POP.0014.TO,Suriname,SUR,143061,131388,138850,152500,154037,156422,155581,156031
"Population ages 0-14, total",SP.POP.0014.TO,Sweden,SWE,1627978,1515988,1534165,1663119,1634446,1571559,1548134,1694701
"Population ages 0-14, total",SP.POP.0014.TO,Switzerland,CHE,1264576,1152199,1144306,1242205,1253186,1211456,1178302,1225242
"Population ages 0-14, total",SP.POP.0014.TO,Syrian Arab Republic,SYR,4371813,5178869,5859392,6298076,6730774,7221330,7987521,5949143
"Population ages 0-14, total",SP.POP.0014.TO,Tajikistan,TJK,1670912,1946061,2315241,2552473,2643500,2581666,2685570,3029879
"Population ages 0-14, total",SP.POP.0014.TO,Tanzania,TZA,8581728,9965637,11521555,13428928,14996898,17208676,19900781,23003555
"Population ages 0-14, total",SP.POP.0014.TO,Thailand,THA,18682033,18115242,17088453,16110224,15096533,13924391,12890535,12350896
"Population ages 0-14, total",SP.POP.0014.TO,Timor-Leste,TLS,239779,250773,280804,348545,396828,444445,465122,472366
"Population ages 0-14, total",SP.POP.0014.TO,Togo,TGO,1262699,1514971,1738060,1916148,2129818,2400490,2747644,3085695
"Population ages 0-14, total",SP.POP.0014.TO,Tonga,TON,38782,38329,37492,38074,37704,38552,38899,36691
"Population ages 0-14, total",SP.POP.0014.TO,Trinidad and Tobago,TTO,368610,401359,410353,385949,324282,283297,275224,283365
"Population ages 0-14, total",SP.POP.0014.TO,Tunisia,TUN,2660612,2876879,3067305,3084255,2869118,2576399,2481538,2659710
"Population ages 0-14, total",SP.POP.0014.TO,Turkey,TUR,17434070,18696668,19300405,19318133,19353659,19420395,19457332,20103363
"Population ages 0-14, total",SP.POP.0014.TO,Turkmenistan,TKM,1195460,1316716,1495228,1661006,1637848,1550364,1501612,1694303
"Population ages 0-14, total",SP.POP.0014.TO,Turks and Caicos Islands,TCA,..,..,..,..,..,..,..,..
"Population ages 0-14, total",SP.POP.0014.TO,Tuvalu,TUV,..,..,..,..,..,..,..,..
"Population ages 0-14, total",SP.POP.0014.TO,Uganda,UGA,5853969,6877970,8332321,9997118,11744551,13750210,15919821,18343448
"Population ages 0-14, total",SP.POP.0014.TO,Ukraine,UKR,10741692,11123152,11018130,10233009,8417745,6888356,6479691,6892283
"Population ages 0-14, total",SP.POP.0014.TO,United Arab Emirates,ARE,286610,437297,567997,660126,816213,841539,1124862,1311987
"Population ages 0-14, total",SP.POP.0014.TO,United Kingdom,GBR,11838533,10831087,10857602,11292175,11208652,10858761,10981280,11433920
"Population ages 0-14, total",SP.POP.0014.TO,United States,USA,51519090,51392983,54104532,58621803,61237370,61707218,62498719,61658695
"Population ages 0-14, total",SP.POP.0014.TO,Uruguay,URY,784889,807238,808689,806440,814638,787096,745839,719430
"Population ages 0-14, total",SP.POP.0014.TO,Uzbekistan,UZB,6474951,7286656,8344640,9163108,9187654,8530138,8321752,8874758
"Population ages 0-14, total",SP.POP.0014.TO,Vanuatu,VUT,51448,57587,64284,71874,76764,83034,90269,105936
"Population ages 0-14, total",SP.POP.0014.TO,"Venezuela, RB",VEN,6257106,6791877,7438497,7902123,8219322,8376324,8505671,8537343
"Population ages 0-14, total",SP.POP.0014.TO,Vietnam,VNM,22170581,23755246,25330738,26553421,25230644,22720487,20784261,21343372
"Population ages 0-14, total",SP.POP.0014.TO,Virgin Islands (U.S.),VIR,35629,33842,29921,29741,28115,24309,22471,21851
"Population ages 0-14, total",SP.POP.0014.TO,West Bank and Gaza,PSE,..,..,959823,1201753,1396964,1511447,1601307,1703898
"Population ages 0-14, total",SP.POP.0014.TO,"Yemen, Rep.",YEM,3937939,4845857,6039340,7505492,8518384,9260994,9880897,10782481
"Population ages 0-14, total",SP.POP.0014.TO,Zambia,ZMB,2839664,3324900,3798526,4260065,4833997,5574212,6434149,7333806
"Population ages 0-14, total",SP.POP.0014.TO,Zimbabwe,ZWE,3680761,4249152,4769000,4973109,4997787,4993346,5283498,5878449
"Population ages 0-14, total",SP.POP.0014.TO,Arab World,ARB,72676355,83427524,95276980,103575342,108631577,112886668,120038945,130629538
"Population ages 0-14, total",SP.POP.0014.TO,Europe & Central Asia,ECS,190819243,190320430,190344714,183859058,170372292,157010435,154737151,161017495
"Population ages 0-14, total",SP.POP.0014.TO,European Union,EUU,102976388,96819312,92545706,88736030,83717423,79663387,78985145,79078748
"Population ages 0-14, total",SP.POP.0014.TO,Latin America & Caribbean,LCN,142410239,152154592,160390919,165731219,167564995,166649149,163316475,159699911
"Population ages 0-14, total",SP.POP.0014.TO,Middle East & North Africa,MEA,80465488,94611491,109026833,115454182,115244425,113656691,117536366,127166588
"Population ages 0-14, total",SP.POP.0014.TO,North America,NAC,57097785,56892177,59834493,64592737,67117883,67406606,68105641,67368119
"Population ages 0-14, total",SP.POP.0014.TO,South Asia,SAS,361419857,401465851,441183072,475853448,499155683,515292857,524436327,519984160
"Population ages 0-14, total",SP.POP.0014.TO,Sub-Saharan Africa,SSF,172958821,201398099,231859196,261630737,294882281,333946844,380246651,429416257
"Population ages 0-14, total",SP.POP.0014.TO,World,WLD,1565807205,1635176787,1734402648,1812116263,1843385125,1834307913,1869489414,1923621480
,,,,,,,,,,,
,,,,,,,,,,,
,,,,,,,,,,,
Data from database: World Development Indicators,,,,,,,,,,,
Last Updated: 12/20/2019,,,,,,,,,,,
